id,i,axis,gyro_raw,gyro_dps,w
gyp,1,Y,4860,37.0992,40
gyp,2,Y,4099,31.2901,40
gyp,3,Y,3254,24.8397,40
gyp,4,Y,3524,26.9008,40
gyp,5,Y,4128,31.5114,40
gyp,6,Y,4174,31.8626,40
gyp,7,Y,4130,31.5267,40
gyp,8,Y,4328,33.0382,40
gyp,9,Y,4274,32.6260,40
gyp,10,Y,4625,35.3053,40
gyp,11,Y,4278,32.6565,40
gyp,12,Y,4465,34.0840,40
gyp,13,Y,4441,33.9008,40
gyp,14,Y,4754,36.2901,40
gyp,15,Y,4859,37.0916,40
gyp,16,Y,4802,36.6565,40
gyp,17,Y,4869,37.1679,40
gyp,18,Y,4695,35.8397,40
gyp,19,Y,5004,38.1985,40
gyp,20,Y,4940,37.7099,40
gyp,21,Y,5115,39.0458,40
gyp,22,Y,5166,39.4351,40
gyp,23,Y,5269,40.2214,40
gyp,24,Y,5196,39.6641,40
gyp,25,Y,4853,37.0458,40
gyp,26,Y,4865,37.1374,40
gyp,27,Y,4880,37.2519,40
gyp,28,Y,5213,39.7939,40
gyp,29,Y,5181,39.5496,40
gyp,30,Y,5057,38.6031,40
gyp,31,Y,4995,38.1298,40
gyp,32,Y,4857,37.0763,40
gyp,33,Y,5026,38.3664,40
gyp,34,Y,4993,38.1145,40
gyp,35,Y,5108,38.9924,40
gyp,36,Y,5088,38.8397,40
gyp,37,Y,5311,40.5420,40
gyp,38,Y,5290,40.3817,40
gyp,39,Y,5009,38.2366,40
gyp,40,Y,4922,37.5725,40
gyp,41,Y,4811,36.7252,40
gyp,42,Y,5281,40.3130,40
gyp,43,Y,5228,39.9084,40
gyp,44,Y,5205,39.7328,40
gyp,45,Y,5088,38.8397,40
gyp,46,Y,4986,38.0611,40
gyp,47,Y,5074,38.7328,40
gyp,48,Y,4888,37.3130,40
gyp,49,Y,5022,38.3359,40
gyp,50,Y,5126,39.1298,40
gyp,51,Y,5405,41.2595,40
gyp,52,Y,5319,40.6031,40
gyp,53,Y,5133,39.1832,40
gyp,54,Y,5050,38.5496,40
gyp,55,Y,4912,37.4962,40
gyp,56,Y,5204,39.7252,40
gyp,57,Y,5154,39.3435,40
gyp,58,Y,5192,39.6336,40
gyp,59,Y,5065,38.6641,40
gyp,60,Y,5161,39.3969,40
gyp,61,Y,5235,39.9618,40
gyp,62,Y,4931,37.6412,40
gyp,63,Y,4942,37.7252,40
gyp,64,Y,4930,37.6336,40
gyp,65,Y,5323,40.6336,40
gyp,66,Y,5387,41.1221,40
gyp,67,Y,5259,40.1450,40
gyp,68,Y,5109,39.0000,40
gyp,69,Y,4896,37.3740,40
gyp,70,Y,5106,38.9771,40
gyp,71,Y,5147,39.2901,40
gyp,72,Y,5282,40.3206,40
gyp,73,Y,5191,39.6260,40
gyp,74,Y,5327,40.6641,40
gyp,75,Y,5305,40.4962,40
gyp,76,Y,5042,38.4885,40
gyp,77,Y,4999,38.1603,40
gyp,78,Y,4898,37.3893,40
gyp,79,Y,5233,39.9466,40
gyp,80,Y,5329,40.6794,40
gyp,81,Y,5343,40.7863,40
gyp,82,Y,5251,40.0840,40
gyp,83,Y,5142,39.2519,40
gyp,84,Y,5281,40.3130,40
gyp,85,Y,5133,39.1832,40
gyp,86,Y,5346,40.8092,40
gyp,87,Y,5239,39.9924,40
gyp,88,Y,5430,41.4504,40
gyp,89,Y,5426,41.4198,40
gyp,90,Y,5280,40.3053,40
gyp,91,Y,5159,39.3817,40
gyp,92,Y,4937,37.6870,40
gyp,93,Y,5198,39.6794,40
gyp,94,Y,5235,39.9618,40
gyp,95,Y,5321,40.6183,40
gyp,96,Y,5311,40.5420,40
gyp,97,Y,5238,39.9847,40
gyp,98,Y,5259,40.1450,40
gyp,99,Y,5001,38.1756,40
gyp,100,Y,5148,39.2977,40
gyp,101,Y,5128,39.1450,40
gyp,102,Y,5354,40.8702,40
gyp,103,Y,5376,41.0382,40
gyp,104,Y,5308,40.5191,40
gyp,105,Y,5238,39.9847,40
gyp,106,Y,4980,38.0153,40
gyp,107,Y,5132,39.1756,40
gyp,108,Y,5098,38.9160,40
gyp,109,Y,5267,40.2061,40
gyp,110,Y,5299,40.4504,40
gyp,111,Y,5366,40.9618,40
gyp,112,Y,5401,41.2290,40
gyp,113,Y,5087,38.8321,40
gyp,114,Y,5068,38.6870,40
gyp,115,Y,5136,39.2061,40
gyp,116,Y,5511,42.0687,40
gyp,117,Y,5551,42.3740,40
gyp,118,Y,5424,41.4046,40
gyp,119,Y,5393,41.1679,40
gyp,120,Y,5166,39.4351,40
gyp,121,Y,5256,40.1221,40
gyp,122,Y,5096,38.9008,40
gyp,123,Y,5196,39.6641,40
gyp,124,Y,5278,40.2901,40
gyp,125,Y,5409,41.2901,40
gyp,126,Y,5417,41.3511,40
gyp,127,Y,5120,39.0840,40
gyp,128,Y,5388,41.1298,40
gyp,129,Y,5414,41.3282,40
gyp,130,Y,5434,41.4809,40
gyp,131,Y,5397,41.1985,40
gyp,132,Y,5254,40.1069,40
gyp,133,Y,5281,40.3130,40
gyp,134,Y,5202,39.7099,40
gyp,135,Y,5249,40.0687,40
gyp,136,Y,4946,37.7557,40
gyp,137,Y,5058,38.6107,40
gyp,138,Y,5083,38.8015,40
gyp,139,Y,5355,40.8779,40
gyp,140,Y,5395,41.1832,40
gyp,141,Y,5156,39.3588,40
gyp,142,Y,5108,38.9924,40
gyp,143,Y,4883,37.2748,40
gyp,144,Y,5246,40.0458,40
gyp,145,Y,5201,39.7023,40
gyp,146,Y,5260,40.1527,40
gyp,147,Y,5208,39.7557,40
gyp,148,Y,5255,40.1145,40
gyp,149,Y,5309,40.5267,40
gyp,150,Y,4915,37.5191,40
gyp,151,Y,4993,38.1145,40
gyp,152,Y,4959,37.8550,40
gyp,153,Y,5291,40.3893,40
gyp,154,Y,5358,40.9008,40
gyp,155,Y,5173,39.4885,40
gyp,156,Y,5120,39.0840,40
gyp,157,Y,4910,37.4809,40
gyp,158,Y,5163,39.4122,40
gyp,159,Y,5098,38.9160,40
gyp,160,Y,5184,39.5725,40
gyp,161,Y,5147,39.2901,40
gyp,162,Y,5302,40.4733,40
gyp,163,Y,5415,41.3359,40
gyp,164,Y,5085,38.8168,40
gyp,165,Y,4999,38.1603,40
gyp,166,Y,4872,37.1908,40
gyp,167,Y,5203,39.7176,40
gyp,168,Y,5305,40.4962,40
gyp,169,Y,5236,39.9695,40
gyp,170,Y,5206,39.7405,40
gyp,171,Y,5049,38.5420,40
gyp,172,Y,5184,39.5725,40
gyp,173,Y,4980,38.0153,40
gyp,174,Y,5081,38.7863,40
gyp,175,Y,5020,38.3206,40
gyp,176,Y,5286,40.3511,40
gyp,177,Y,5422,41.3893,40
gyp,178,Y,5238,39.9847,40
gyp,179,Y,5068,38.6870,40
gyp,180,Y,4860,37.0992,40
gyp,181,Y,5162,39.4046,40
gyp,182,Y,5224,39.8779,40
gyp,183,Y,5284,40.3359,40
gyp,184,Y,5249,40.0687,40
gyp,185,Y,5270,40.2290,40
gyp,186,Y,5436,41.4962,40
gyp,187,Y,5220,39.8473,40
gyp,188,Y,5240,40.0000,40
gyp,189,Y,5054,38.5802,40
gyp,190,Y,5312,40.5496,40
gyp,191,Y,5381,41.0763,40
gyp,192,Y,5350,40.8397,40
gyp,193,Y,5245,40.0382,40
gyp,194,Y,4983,38.0382,40
gyp,195,Y,5212,39.7863,40
gyp,196,Y,5118,39.0687,40
gyp,197,Y,5265,40.1908,40
gyp,198,Y,5198,39.6794,40
gyp,199,Y,5306,40.5038,40
gyp,200,Y,5410,41.2977,40
gyp,201,Y,5101,38.9389,40
gyp,202,Y,5114,39.0382,40
gyp,203,Y,5036,38.4427,40
gyp,204,Y,5329,40.6794,40
gyp,205,Y,5363,40.9389,40
gyp,206,Y,5372,41.0076,40
gyp,207,Y,5344,40.7939,40
gyp,208,Y,5153,39.3359,40
gyp,209,Y,5184,39.5725,40
gyp,210,Y,5048,38.5344,40
gyp,211,Y,5177,39.5191,40
gyp,212,Y,5205,39.7328,40
gyp,213,Y,5254,40.1069,40
gyp,214,Y,5333,40.7099,40
gyp,215,Y,5132,39.1756,40
gyp,216,Y,5068,38.6870,40
gyp,217,Y,4906,37.4504,40
gyp,218,Y,5194,39.6489,40
gyp,219,Y,5290,40.3817,40
gyp,220,Y,5413,41.3206,40
gyp,221,Y,5416,41.3435,40
gyp,222,Y,5292,40.3969,40
gyp,223,Y,5256,40.1221,40
gyp,224,Y,4969,37.9313,40
gyp,225,Y,5112,39.0229,40
gyp,226,Y,5074,38.7328,40
gyp,227,Y,5325,40.6489,40
gyp,228,Y,5316,40.5802,40
gyp,229,Y,5213,39.7939,40
gyp,230,Y,5126,39.1298,40
gyp,231,Y,4945,37.7481,40
gyp,232,Y,5158,39.3740,40
gyp,233,Y,5120,39.0840,40
gyp,234,Y,5213,39.7939,40
gyp,235,Y,5397,41.1985,40
gyp,236,Y,5422,41.3893,40
gyp,237,Y,5373,41.0153,40
gyp,238,Y,5079,38.7710,40
gyp,239,Y,5093,38.8779,40
gyp,240,Y,5127,39.1374,40
gyp,241,Y,5345,40.8015,40
gyp,242,Y,5349,40.8321,40
gyp,243,Y,5245,40.0382,40
gyp,244,Y,5217,39.8244,40
gyp,245,Y,5033,38.4198,40
gyp,246,Y,5192,39.6336,40
gyp,247,Y,5029,38.3893,40
gyp,248,Y,5113,39.0305,40
gyp,249,Y,5151,39.3206,40
gyp,250,Y,5349,40.8321,40
gyp,251,Y,5435,41.4885,40
gyp,252,Y,5116,39.0534,40
gyp,253,Y,5037,38.4504,40
gyp,254,Y,4975,37.9771,40
gyp,255,Y,5309,40.5267,40
gyp,256,Y,5264,40.1832,40
gyp,257,Y,5248,40.0611,40
gyp,258,Y,5213,39.7939,40
gyp,259,Y,5088,38.8397,40
gyp,260,Y,5222,39.8626,40
gyp,261,Y,4995,38.1298,40
gyp,262,Y,5076,38.7481,40
gyp,263,Y,5042,38.4885,40
gyp,264,Y,5247,40.0534,40
gyp,265,Y,5357,40.8931,40
gyp,266,Y,5195,39.6565,40
gyp,267,Y,5160,39.3893,40
gyp,268,Y,4922,37.5725,40
gyp,269,Y,5283,40.3282,40
gyp,270,Y,5199,39.6870,40
gyp,271,Y,5203,39.7176,40
gyp,272,Y,5145,39.2748,40
gyp,273,Y,5178,39.5267,40
gyp,274,Y,5281,40.3130,40
gyp,275,Y,5010,38.2443,40
gyp,276,Y,5079,38.7710,40
gyp,277,Y,5006,38.2137,40
gyp,278,Y,5265,40.1908,40
gyp,279,Y,5340,40.7634,40
gyp,280,Y,5237,39.9771,40
gyp,281,Y,5178,39.5267,40
gyp,282,Y,4991,38.0992,40
gyp,283,Y,5209,39.7634,40
gyp,284,Y,5259,40.1450,40
gyp,285,Y,5247,40.0534,40
gyp,286,Y,5152,39.3282,40
gyp,287,Y,5214,39.8015,40
gyp,288,Y,5306,40.5038,40
gyp,289,Y,5061,38.6336,40
gyp,290,Y,5188,39.6031,40
gyp,291,Y,5117,39.0611,40
gyp,292,Y,5328,40.6718,40
gyp,293,Y,5418,41.3588,40
gyp,294,Y,5318,40.5954,40
gyp,295,Y,5241,40.0076,40
gyp,296,Y,5014,38.2748,40
gyp,297,Y,5206,39.7405,40
gyp,298,Y,5160,39.3893,40
gyp,299,Y,5294,40.4122,40
gyp,300,Y,5165,39.4275,40
gyp,301,Y,5259,40.1450,40
gyp,302,Y,5365,40.9542,40
gyp,303,Y,5106,38.9771,40
gyp,304,Y,5035,38.4351,40
gyp,305,Y,4971,37.9466,40
gyp,306,Y,5216,39.8168,40
gyp,307,Y,5346,40.8092,40
gyp,308,Y,5264,40.1832,40
gyp,309,Y,5195,39.6565,40
gyp,310,Y,5001,38.1756,40
gyp,311,Y,5131,39.1679,40
gyp,312,Y,5092,38.8702,40
gyp,313,Y,5214,39.8015,40
gyp,314,Y,5213,39.7939,40
gyp,315,Y,5318,40.5954,40
gyp,316,Y,5466,41.7252,40
gyp,317,Y,5324,40.6412,40
gyp,318,Y,5246,40.0458,40
gyp,319,Y,5119,39.0763,40
gyp,320,Y,5385,41.1069,40
gyp,321,Y,5383,41.0916,40
gyp,322,Y,5426,41.4198,40
gyp,323,Y,5404,41.2519,40
gyp,324,Y,5208,39.7557,40
gyp,325,Y,5204,39.7252,40
gyp,326,Y,5012,38.2595,40
gyp,327,Y,5180,39.5420,40
gyp,328,Y,5176,39.5115,40
gyp,329,Y,5352,40.8550,40
gyp,330,Y,5426,41.4198,40
gyp,331,Y,5317,40.5878,40
gyp,332,Y,5245,40.0382,40
gyp,333,Y,5058,38.6107,40
gyp,334,Y,5251,40.0840,40
gyp,335,Y,5224,39.8779,40
gyp,336,Y,5370,40.9924,40
gyp,337,Y,5350,40.8397,40
gyp,338,Y,5310,40.5344,40
gyp,339,Y,5264,40.1832,40
gyp,340,Y,4968,37.9237,40
gyp,341,Y,5120,39.0840,40
gyp,342,Y,5152,39.3282,40
gyp,343,Y,5402,41.2366,40
gyp,344,Y,5411,41.3053,40
gyp,345,Y,5315,40.5725,40
gyp,346,Y,5287,40.3588,40
gyp,347,Y,5177,39.5191,40
gyp,348,Y,5346,40.8092,40
gyp,349,Y,5279,40.2977,40
gyp,350,Y,5325,40.6489,40
gyp,351,Y,5405,41.2595,40
gyp,352,Y,5397,41.1985,40
gyp,353,Y,5387,41.1221,40
gyp,354,Y,5055,38.5878,40
gyp,355,Y,5151,39.3206,40
gyp,356,Y,5169,39.4580,40
gyp,357,Y,5418,41.3588,40
gyp,358,Y,5370,40.9924,40
gyp,359,Y,5252,40.0916,40
gyp,360,Y,5320,40.6107,40
gyp,361,Y,5449,41.5954,40
gyp,362,Y,5364,40.9466,40
gyp,363,Y,5203,39.7176,40
gyp,364,Y,5219,39.8397,40
gyp,365,Y,5291,40.3893,40
gyp,366,Y,5357,40.8931,40
gyp,367,Y,5356,40.8855,40
gyp,368,Y,4981,38.0229,40
gyp,369,Y,4992,38.1069,40
gyp,370,Y,4974,37.9695,40
gyp,371,Y,5359,40.9084,40
gyp,372,Y,5396,41.1908,40
gyp,373,Y,5257,40.1298,40
gyp,374,Y,5139,39.2290,40
gyp,375,Y,5003,38.1908,40
gyp,376,Y,5164,39.4198,40
gyp,377,Y,4981,38.0229,40
gyp,378,Y,5167,39.4427,40
gyp,379,Y,5161,39.3969,40
gyp,380,Y,5352,40.8550,40
gyp,381,Y,5314,40.5649,40
gyp,382,Y,5064,38.6565,40
gyp,383,Y,4956,37.8321,40
gyp,384,Y,4868,37.1603,40
gyp,385,Y,5261,40.1603,40
gyp,386,Y,5245,40.0382,40
gyp,387,Y,5229,39.9160,40
gyp,388,Y,5113,39.0305,40
gyp,389,Y,5111,39.0153,40
gyp,390,Y,5167,39.4427,40
gyp,391,Y,4954,37.8168,40
gyp,392,Y,5071,38.7099,40
gyp,393,Y,5023,38.3435,40
gyp,394,Y,5356,40.8855,40
gyp,395,Y,5352,40.8550,40
gyp,396,Y,5171,39.4733,40
gyp,397,Y,5010,38.2443,40
gyp,398,Y,4872,37.1908,40
gyp,399,Y,5226,39.8931,40
gyp,400,Y,5230,39.9237,40
gyp,401,Y,5265,40.1908,40
gyp,402,Y,5160,39.3893,40
gyp,403,Y,5151,39.3206,40
gyp,404,Y,5159,39.3817,40
gyp,405,Y,4917,37.5344,40
gyp,406,Y,4979,38.0076,40
gyp,407,Y,5012,38.2595,40
gyp,408,Y,5330,40.6870,40
gyp,409,Y,5397,41.1985,40
gyp,410,Y,5217,39.8244,40
gyp,411,Y,5066,38.6718,40
gyp,412,Y,4923,37.5802,40
gyp,413,Y,5174,39.4962,40
gyp,414,Y,5201,39.7023,40
gyp,415,Y,5373,41.0153,40
gyp,416,Y,5261,40.1603,40
gyp,417,Y,5346,40.8092,40
gyp,418,Y,5404,41.2519,40
gyp,419,Y,5220,39.8473,40
gyp,420,Y,5179,39.5344,40
gyp,421,Y,5077,38.7557,40
gyp,422,Y,5365,40.9542,40
gyp,423,Y,5394,41.1756,40
gyp,424,Y,5377,41.0458,40
gyp,425,Y,5170,39.4656,40
gyp,426,Y,5024,38.3511,40
gyp,427,Y,5187,39.5954,40
gyp,428,Y,5144,39.2672,40
gyp,429,Y,5338,40.7481,40
gyp,430,Y,5273,40.2519,40
gyp,431,Y,5372,41.0076,40
gyp,432,Y,5353,40.8626,40
gyp,433,Y,5141,39.2443,40
gyp,434,Y,5071,38.7099,40
gyp,435,Y,5021,38.3282,40
gyp,436,Y,5387,41.1221,40
gyp,437,Y,5350,40.8397,40
gyp,438,Y,5391,41.1527,40
gyp,439,Y,5228,39.9084,40
gyp,440,Y,5134,39.1908,40
gyp,441,Y,5121,39.0916,40
gyp,442,Y,4992,38.1069,40
gyp,443,Y,5178,39.5267,40
gyp,444,Y,5198,39.6794,40
gyp,445,Y,5356,40.8855,40
gyp,446,Y,5281,40.3130,40
gyn,1,Y,-4444,-33.9237,40
gyn,2,Y,-3580,-27.3282,40
gyn,3,Y,-3029,-23.1221,40
gyn,4,Y,-2882,-22.0000,40
gyn,5,Y,-3739,-28.5420,40
gyn,6,Y,-4631,-35.3511,40
gyn,7,Y,-4826,-36.8397,40
gyn,8,Y,-4852,-37.0382,40
gyn,9,Y,-4917,-37.5344,40
gyn,10,Y,-4719,-36.0229,40
gyn,11,Y,-4964,-37.8931,40
gyn,12,Y,-4985,-38.0534,40
gyn,13,Y,-5180,-39.5420,40
gyn,14,Y,-5046,-38.5191,40
gyn,15,Y,-4957,-37.8397,40
gyn,16,Y,-4930,-37.6336,40
gyn,17,Y,-4783,-36.5115,40
gyn,18,Y,-5064,-38.6565,40
gyn,19,Y,-4984,-38.0458,40
gyn,20,Y,-5150,-39.3130,40
gyn,21,Y,-5088,-38.8397,40
gyn,22,Y,-5145,-39.2748,40
gyn,23,Y,-5034,-38.4275,40
gyn,24,Y,-4794,-36.5954,40
gyn,25,Y,-4923,-37.5802,40
gyn,26,Y,-4995,-38.1298,40
gyn,27,Y,-5325,-40.6489,40
gyn,28,Y,-5173,-39.4885,40
gyn,29,Y,-5074,-38.7328,40
gyn,30,Y,-4986,-38.0611,40
gyn,31,Y,-4881,-37.2595,40
gyn,32,Y,-5118,-39.0687,40
gyn,33,Y,-4998,-38.1527,40
gyn,34,Y,-4998,-38.1527,40
gyn,35,Y,-5018,-38.3053,40
gyn,36,Y,-4939,-37.7023,40
gyn,37,Y,-4903,-37.4275,40
gyn,38,Y,-4577,-34.9389,40
gyn,39,Y,-4582,-34.9771,40
gyn,40,Y,-4436,-33.8626,40
gyn,41,Y,-4710,-35.9542,40
gyn,42,Y,-4583,-34.9847,40
gyn,43,Y,-4420,-33.7405,40
gyn,44,Y,-4503,-34.3740,40
gyn,45,Y,-4282,-32.6870,40
gyn,46,Y,-4528,-34.5649,40
gyn,47,Y,-4318,-32.9618,40
gyn,48,Y,-4488,-34.2595,40
gyn,49,Y,-4737,-36.1603,40
gyn,50,Y,-5033,-38.4198,40
gyn,51,Y,-5101,-38.9389,40
gyn,52,Y,-4942,-37.7252,40
gyn,53,Y,-4874,-37.2061,40
gyn,54,Y,-4855,-37.0611,40
gyn,55,Y,-5228,-39.9084,40
gyn,56,Y,-5173,-39.4885,40
gyn,57,Y,-5163,-39.4122,40
gyn,58,Y,-5089,-38.8473,40
gyn,59,Y,-5095,-38.8931,40
gyn,60,Y,-5197,-39.6718,40
gyn,61,Y,-4894,-37.3588,40
gyn,62,Y,-5032,-38.4122,40
gyn,63,Y,-5152,-39.3282,40
gyn,64,Y,-5489,-41.9008,40
gyn,65,Y,-5437,-41.5038,40
gyn,66,Y,-5127,-39.1374,40
gyn,67,Y,-5021,-38.3282,40
gyn,68,Y,-4846,-36.9924,40
gyn,69,Y,-5142,-39.2519,40
gyn,70,Y,-5096,-38.9008,40
gyn,71,Y,-5162,-39.4046,40
gyn,72,Y,-5113,-39.0305,40
gyn,73,Y,-5186,-39.5878,40
gyn,74,Y,-5220,-39.8473,40
gyn,75,Y,-4927,-37.6107,40
gyn,76,Y,-4936,-37.6794,40
gyn,77,Y,-4964,-37.8931,40
gyn,78,Y,-5381,-41.0763,40
gyn,79,Y,-5439,-41.5191,40
gyn,80,Y,-5360,-40.9160,40
gyn,81,Y,-5218,-39.8321,40
gyn,82,Y,-5048,-38.5344,40
gyn,83,Y,-5183,-39.5649,40
gyn,84,Y,-5039,-38.4656,40
gyn,85,Y,-5156,-39.3588,40
gyn,86,Y,-5089,-38.8473,40
gyn,87,Y,-5234,-39.9542,40
gyn,88,Y,-5218,-39.8321,40
gyn,89,Y,-5011,-38.2519,40
gyn,90,Y,-4904,-37.4351,40
gyn,91,Y,-4843,-36.9695,40
gyn,92,Y,-5196,-39.6641,40
gyn,93,Y,-5238,-39.9847,40
gyn,94,Y,-5291,-40.3893,40
gyn,95,Y,-5190,-39.6183,40
gyn,96,Y,-5129,-39.1527,40
gyn,97,Y,-5152,-39.3282,40
gyn,98,Y,-4921,-37.5649,40
gyn,99,Y,-5082,-38.7939,40
gyn,100,Y,-5038,-38.4580,40
gyn,101,Y,-5276,-40.2748,40
gyn,102,Y,-5252,-40.0916,40
gyn,103,Y,-5150,-39.3130,40
gyn,104,Y,-5045,-38.5115,40
gyn,105,Y,-4833,-36.8931,40
gyn,106,Y,-5092,-38.8702,40
gyn,107,Y,-5071,-38.7099,40
gyn,108,Y,-5223,-39.8702,40
gyn,109,Y,-5192,-39.6336,40
gyn,110,Y,-5203,-39.7176,40
gyn,111,Y,-5230,-39.9237,40
gyn,112,Y,-4955,-37.8244,40
gyn,113,Y,-5024,-38.3511,40
gyn,114,Y,-4983,-38.0382,40
gyn,115,Y,-5291,-40.3893,40
gyn,116,Y,-5214,-39.8015,40
gyn,117,Y,-5215,-39.8092,40
gyn,118,Y,-5167,-39.4427,40
gyn,119,Y,-5012,-38.2595,40
gyn,120,Y,-5082,-38.7939,40
gyn,121,Y,-5000,-38.1679,40
gyn,122,Y,-5184,-39.5725,40
gyn,123,Y,-5192,-39.6336,40
gyn,124,Y,-5321,-40.6183,40
gyn,125,Y,-5294,-40.4122,40
gyn,126,Y,-5028,-38.3817,40
gyn,127,Y,-4996,-38.1374,40
gyn,128,Y,-4964,-37.8931,40
gyn,129,Y,-5271,-40.2366,40
gyn,130,Y,-5244,-40.0305,40
gyn,131,Y,-5384,-41.0992,40
gyn,132,Y,-5516,-42.1069,40
gyn,133,Y,-5640,-43.0534,40
gyn,134,Y,-5385,-41.1069,40
gyn,135,Y,-5108,-38.9924,40
gyn,136,Y,-5124,-39.1145,40
gyn,137,Y,-5199,-39.6870,40
gyn,138,Y,-5353,-40.8626,40
gyn,139,Y,-5316,-40.5802,40
gyn,140,Y,-5131,-39.1679,40
gyn,141,Y,-5181,-39.5496,40
gyn,142,Y,-5135,-39.1985,40
gyn,143,Y,-5331,-40.6947,40
gyn,144,Y,-5249,-40.0687,40
gyn,145,Y,-5261,-40.1603,40
gyn,146,Y,-5247,-40.0534,40
gyn,147,Y,-5220,-39.8473,40
gyn,148,Y,-5164,-39.4198,40
gyn,149,Y,-4858,-37.0840,40
gyn,150,Y,-4987,-38.0687,40
gyn,151,Y,-5044,-38.5038,40
gyn,152,Y,-5354,-40.8702,40
gyn,153,Y,-5279,-40.2977,40
gyn,154,Y,-5151,-39.3206,40
gyn,155,Y,-5148,-39.2977,40
gyn,156,Y,-4996,-38.1374,40
gyn,157,Y,-5242,-40.0153,40
gyn,158,Y,-5106,-38.9771,40
gyn,159,Y,-5127,-39.1374,40
gyn,160,Y,-5151,-39.3206,40
gyn,161,Y,-5216,-39.8168,40
gyn,162,Y,-5267,-40.2061,40
gyn,163,Y,-4869,-37.1679,40
gyn,164,Y,-4942,-37.7252,40
gyn,165,Y,-4883,-37.2748,40
gyn,166,Y,-5331,-40.6947,40
gyn,167,Y,-5253,-40.0992,40
gyn,168,Y,-5223,-39.8702,40
gyn,169,Y,-5192,-39.6336,40
gyn,170,Y,-5060,-38.6260,40
gyn,171,Y,-5224,-39.8779,40
gyn,172,Y,-5050,-38.5496,40
gyn,173,Y,-5163,-39.4122,40
gyn,174,Y,-5142,-39.2519,40
gyn,175,Y,-5340,-40.7634,40
gyn,176,Y,-5323,-40.6336,40
gyn,177,Y,-5065,-38.6641,40
gyn,178,Y,-4949,-37.7786,40
gyn,179,Y,-4938,-37.6947,40
gyn,180,Y,-5324,-40.6412,40
gyn,181,Y,-5269,-40.2214,40
gyn,182,Y,-5277,-40.2824,40
gyn,183,Y,-5223,-39.8702,40
gyn,184,Y,-5224,-39.8779,40
gyn,185,Y,-5280,-40.3053,40
gyn,186,Y,-4939,-37.7023,40
gyn,187,Y,-5044,-38.5038,40
gyn,188,Y,-5050,-38.5496,40
gyn,189,Y,-5357,-40.8931,40
gyn,190,Y,-5356,-40.8855,40
gyn,191,Y,-5235,-39.9618,40
gyn,192,Y,-5072,-38.7176,40
gyn,193,Y,-4881,-37.2595,40
gyn,194,Y,-5100,-38.9313,40
gyn,195,Y,-5044,-38.5038,40
gyn,196,Y,-5158,-39.3740,40
gyn,197,Y,-5117,-39.0611,40
gyn,198,Y,-5257,-40.1298,40
gyn,199,Y,-5327,-40.6641,40
gyn,200,Y,-5044,-38.5038,40
gyn,201,Y,-5006,-38.2137,40
gyn,202,Y,-4965,-37.9008,40
gyn,203,Y,-5277,-40.2824,40
gyn,204,Y,-5422,-41.3893,40
gyn,205,Y,-5317,-40.5878,40
gyn,206,Y,-5206,-39.7405,40
gyn,207,Y,-4952,-37.8015,40
gyn,208,Y,-5100,-38.9313,40
gyn,209,Y,-5029,-38.3893,40
gyn,210,Y,-5099,-38.9237,40
gyn,211,Y,-5073,-38.7252,40
gyn,212,Y,-5224,-39.8779,40
gyn,213,Y,-5357,-40.8931,40
gyn,214,Y,-5066,-38.6718,40
gyn,215,Y,-5027,-38.3740,40
gyn,216,Y,-4895,-37.3664,40
gyn,217,Y,-5253,-40.0992,40
gyn,218,Y,-5283,-40.3282,40
gyn,219,Y,-5270,-40.2290,40
gyn,220,Y,-5197,-39.6718,40
gyn,221,Y,-5040,-38.4733,40
gyn,222,Y,-5076,-38.7481,40
gyn,223,Y,-4940,-37.7099,40
gyn,224,Y,-5044,-38.5038,40
gyn,225,Y,-5072,-38.7176,40
gyn,226,Y,-5199,-39.6870,40
gyn,227,Y,-5282,-40.3206,40
gyn,228,Y,-5149,-39.3053,40
gyn,229,Y,-5103,-38.9542,40
gyn,230,Y,-4933,-37.6565,40
gyn,231,Y,-5160,-39.3893,40
gyn,232,Y,-5183,-39.5649,40
gyn,233,Y,-5288,-40.3664,40
gyn,234,Y,-5273,-40.2519,40
gyn,235,Y,-5170,-39.4656,40
gyn,236,Y,-5143,-39.2595,40
gyn,237,Y,-4880,-37.2519,40
gyn,238,Y,-4995,-38.1298,40
gyn,239,Y,-4946,-37.7557,40
gyn,240,Y,-5164,-39.4198,40
gyn,241,Y,-5201,-39.7023,40
gyn,242,Y,-5088,-38.8397,40
gyn,243,Y,-5129,-39.1527,40
gyn,244,Y,-4876,-37.2214,40
gyn,245,Y,-5126,-39.1298,40
gyn,246,Y,-4973,-37.9618,40
gyn,247,Y,-5144,-39.2672,40
gyn,248,Y,-5156,-39.3588,40
gyn,249,Y,-5288,-40.3664,40
gyn,250,Y,-5320,-40.6107,40
gyn,251,Y,-5032,-38.4122,40
gyn,252,Y,-5002,-38.1832,40
gyn,253,Y,-4940,-37.7099,40
gyn,254,Y,-5224,-39.8779,40
gyn,255,Y,-5171,-39.4733,40
gyn,256,Y,-5167,-39.4427,40
gyn,257,Y,-5218,-39.8321,40
gyn,258,Y,-5064,-38.6565,40
gyn,259,Y,-5258,-40.1374,40
gyn,260,Y,-5047,-38.5267,40
gyn,261,Y,-5137,-39.2137,40
gyn,262,Y,-5181,-39.5496,40
gyn,263,Y,-5283,-40.3282,40
gyn,264,Y,-5359,-40.9084,40
gyn,265,Y,-5117,-39.0611,40
gyn,266,Y,-5169,-39.4580,40
gyn,267,Y,-5047,-38.5267,40
gyn,268,Y,-5260,-40.1527,40
gyn,269,Y,-5164,-39.4198,40
gyn,270,Y,-5112,-39.0229,40
gyn,271,Y,-5131,-39.1679,40
gyn,272,Y,-5072,-38.7176,40
gyn,273,Y,-5154,-39.3435,40
gyn,274,Y,-4891,-37.3359,40
gyn,275,Y,-5008,-38.2290,40
gyn,276,Y,-5053,-38.5725,40
gyn,277,Y,-5297,-40.4351,40
gyn,278,Y,-5348,-40.8244,40
gyn,279,Y,-5149,-39.3053,40
gyn,280,Y,-5029,-38.3893,40
gyn,281,Y,-4933,-37.6565,40
gyn,282,Y,-5207,-39.7481,40
gyn,283,Y,-5188,-39.6031,40
gyn,284,Y,-5144,-39.2672,40
gyn,285,Y,-5185,-39.5802,40
gyn,286,Y,-5207,-39.7481,40
gyn,287,Y,-5304,-40.4885,40
gyn,288,Y,-4993,-38.1145,40
gyn,289,Y,-5047,-38.5267,40
gyn,290,Y,-5026,-38.3664,40
gyn,291,Y,-5352,-40.8550,40
gyn,292,Y,-5398,-41.2061,40
gyn,293,Y,-5180,-39.5420,40
gyn,294,Y,-5130,-39.1603,40
gyn,295,Y,-5029,-38.3893,40
gyn,296,Y,-5334,-40.7176,40
gyn,297,Y,-5235,-39.9618,40
gyn,298,Y,-5194,-39.6489,40
gyn,299,Y,-5130,-39.1603,40
gyn,300,Y,-5169,-39.4580,40
gyn,301,Y,-5234,-39.9542,40
gyn,302,Y,-4940,-37.7099,40
gyn,303,Y,-5009,-38.2366,40
gyn,304,Y,-5028,-38.3817,40
gyn,305,Y,-5275,-40.2672,40
gyn,306,Y,-5327,-40.6641,40
gyn,307,Y,-5205,-39.7328,40
gyn,308,Y,-5088,-38.8397,40
gyn,309,Y,-4897,-37.3817,40
gyn,310,Y,-5175,-39.5038,40
gyn,311,Y,-5293,-40.4046,40
gyn,312,Y,-5356,-40.8855,40
gyn,313,Y,-5244,-40.0305,40
gyn,314,Y,-5296,-40.4275,40
gyn,315,Y,-5416,-41.3435,40
gyn,316,Y,-5162,-39.4046,40
gyn,317,Y,-5140,-39.2366,40
gyn,318,Y,-5052,-38.5649,40
gyn,319,Y,-5364,-40.9466,40
gyn,320,Y,-5384,-41.0992,40
gyn,321,Y,-5298,-40.4427,40
gyn,322,Y,-5231,-39.9313,40
gyn,323,Y,-5003,-38.1908,40
gyn,324,Y,-5122,-39.0992,40
gyn,325,Y,-5069,-38.6947,40
gyn,326,Y,-5156,-39.3588,40
gyn,327,Y,-5150,-39.3130,40
gyn,328,Y,-5240,-40.0000,40
gyn,329,Y,-5321,-40.6183,40
gyn,330,Y,-5086,-38.8244,40
gyn,331,Y,-5019,-38.3130,40
gyn,332,Y,-4891,-37.3359,40
gyn,333,Y,-5163,-39.4122,40
gyn,334,Y,-5225,-39.8855,40
gyn,335,Y,-5283,-40.3282,40
gyn,336,Y,-5230,-39.9237,40
gyn,337,Y,-5106,-38.9771,40
gyn,338,Y,-5143,-39.2595,40
gyn,339,Y,-4969,-37.9313,40
gyn,340,Y,-5082,-38.7939,40
gyn,341,Y,-5096,-38.9008,40
gyn,342,Y,-5265,-40.1908,40
gyn,343,Y,-5267,-40.2061,40
gyn,344,Y,-5132,-39.1756,40
gyn,345,Y,-5055,-38.5878,40
gyn,346,Y,-4850,-37.0229,40
gyn,347,Y,-5097,-38.9084,40
gyn,348,Y,-5065,-38.6641,40
gyn,349,Y,-5232,-39.9389,40
gyn,350,Y,-5245,-40.0382,40
gyn,351,Y,-5254,-40.1069,40
gyn,352,Y,-5244,-40.0305,40
gyn,353,Y,-4933,-37.6565,40
gyn,354,Y,-5066,-38.6718,40
gyn,355,Y,-5028,-38.3817,40
gyn,356,Y,-5304,-40.4885,40
gyn,357,Y,-5221,-39.8550,40
gyn,358,Y,-5156,-39.3588,40
gyn,359,Y,-5123,-39.1069,40
gyn,360,Y,-4882,-37.2672,40
gyn,361,Y,-5046,-38.5191,40
gyn,362,Y,-4977,-37.9924,40
gyn,363,Y,-5296,-40.4275,40
gyn,364,Y,-5724,-43.6947,40
gyn,365,Y,-5933,-45.2901,40
gyn,366,Y,-5703,-43.5344,40
gyn,367,Y,-5292,-40.3969,40
gyn,368,Y,-5255,-40.1145,40
gyn,369,Y,-5229,-39.9160,40
gyn,370,Y,-5464,-41.7099,40
gyn,371,Y,-5319,-40.6031,40
gyn,372,Y,-5223,-39.8702,40
gyn,373,Y,-5196,-39.6641,40
gyn,374,Y,-5046,-38.5191,40
gyn,375,Y,-5114,-39.0382,40
gyn,376,Y,-5015,-38.2824,40
gyn,377,Y,-5142,-39.2519,40
gyn,378,Y,-5223,-39.8702,40
gyn,379,Y,-5357,-40.8931,40
gyn,380,Y,-5326,-40.6565,40
gyn,381,Y,-5009,-38.2366,40
gyn,382,Y,-4955,-37.8244,40
gyn,383,Y,-4941,-37.7176,40
gyn,384,Y,-5253,-40.0992,40
gyn,385,Y,-5199,-39.6870,40
gyn,386,Y,-5126,-39.1298,40
gyn,387,Y,-5114,-39.0382,40
gyn,388,Y,-5022,-38.3359,40
gyn,389,Y,-5027,-38.3740,40
gyn,390,Y,-4812,-36.7328,40
gyn,391,Y,-4974,-37.9695,40
gyn,392,Y,-5013,-38.2672,40
gyn,393,Y,-5316,-40.5802,40
gyn,394,Y,-5299,-40.4504,40
gyn,395,Y,-5077,-38.7557,40
gyn,396,Y,-4969,-37.9313,40
gyn,397,Y,-4874,-37.2061,40
gyn,398,Y,-5218,-39.8321,40
gyn,399,Y,-5222,-39.8626,40
gyn,400,Y,-5289,-40.3740,40
gyn,401,Y,-5212,-39.7863,40
gyn,402,Y,-5246,-40.0458,40
gyn,403,Y,-5242,-40.0153,40
gyn,404,Y,-4907,-37.4580,40
gyn,405,Y,-4989,-38.0840,40
gyn,406,Y,-5003,-38.1908,40
gyn,407,Y,-5365,-40.9542,40
gyn,408,Y,-5298,-40.4427,40
gyn,409,Y,-5159,-39.3817,40
gyn,410,Y,-5075,-38.7405,40
gyn,411,Y,-4943,-37.7328,40
gyn,412,Y,-5335,-40.7252,40
gyn,413,Y,-5363,-40.9389,40
gyn,414,Y,-5397,-41.1985,40
gyn,415,Y,-5311,-40.5420,40
gyn,416,Y,-5381,-41.0763,40
gyn,417,Y,-5496,-41.9542,40
gyn,418,Y,-5233,-39.9466,40
gyn,419,Y,-5054,-38.5802,40
gyn,420,Y,-5032,-38.4122,40
gyn,421,Y,-5304,-40.4885,40
gyn,422,Y,-5375,-41.0305,40
gyn,423,Y,-5196,-39.6641,40
gyn,424,Y,-5115,-39.0458,40
gyn,425,Y,-5020,-38.3206,40
gyn,426,Y,-5207,-39.7481,40
gyn,427,Y,-5104,-38.9618,40
gyn,428,Y,-5163,-39.4122,40
gyn,429,Y,-5163,-39.4122,40
gyn,430,Y,-5259,-40.1450,40
gyn,431,Y,-5286,-40.3511,40
gyn,432,Y,-5021,-38.3282,40
gyn,433,Y,-4971,-37.9466,40
gyn,434,Y,-4972,-37.9542,40
gyn,435,Y,-5232,-39.9389,40
gyn,436,Y,-5347,-40.8168,40
gyn,437,Y,-5215,-39.8092,40
gyn,438,Y,-5073,-38.7252,40
gyn,439,Y,-4959,-37.8550,40
gyn,440,Y,-5119,-39.0763,40
gyn,441,Y,-5027,-38.3740,40
gyn,442,Y,-5152,-39.3282,40
gyn,443,Y,-5197,-39.6718,40
gyn,444,Y,-5289,-40.3740,40
gyn,445,Y,-5307,-40.5115,40
gyn,446,Y,-5058,-38.6107,40
gxn,1,X,-4763,-36.3588,40
gxn,2,X,-4722,-36.0458,40
gxn,3,X,-4998,-38.1527,40
gxn,4,X,-4862,-37.1145,40
gxn,5,X,-5027,-38.3740,40
gxn,6,X,-5078,-38.7634,40
gxn,7,X,-4954,-37.8168,40
gxn,8,X,-5161,-39.3969,40
gxn,9,X,-4897,-37.3817,40
gxn,10,X,-5172,-39.4809,40
gxn,11,X,-5036,-38.4427,40
gxn,12,X,-5146,-39.2824,40
gxn,13,X,-5155,-39.3511,40
gxn,14,X,-5044,-38.5038,40
gxn,15,X,-5281,-40.3130,40
gxn,16,X,-5030,-38.3969,40
gxn,17,X,-5209,-39.7634,40
gxn,18,X,-5039,-38.4656,40
gxn,19,X,-5192,-39.6336,40
gxn,20,X,-5180,-39.5420,40
gxn,21,X,-5016,-38.2901,40
gxn,22,X,-5178,-39.5267,40
gxn,23,X,-4960,-37.8626,40
gxn,24,X,-5262,-40.1679,40
gxn,25,X,-5065,-38.6641,40
gxn,26,X,-5162,-39.4046,40
gxn,27,X,-5120,-39.0840,40
gxn,28,X,-5028,-38.3817,40
gxn,29,X,-5231,-39.9313,40
gxn,30,X,-5005,-38.2061,40
gxn,31,X,-5197,-39.6718,40
gxn,32,X,-4982,-38.0305,40
gxn,33,X,-5387,-41.1221,40
gxn,34,X,-5263,-40.1756,40
gxn,35,X,-5197,-39.6718,40
gxn,36,X,-5302,-40.4733,40
gxn,37,X,-5117,-39.0611,40
gxn,38,X,-5372,-41.0076,40
gxn,39,X,-5096,-38.9008,40
gxn,40,X,-5244,-40.0305,40
gxn,41,X,-5050,-38.5496,40
gxn,42,X,-5040,-38.4733,40
gxn,43,X,-5206,-39.7405,40
gxn,44,X,-4967,-37.9160,40
gxn,45,X,-5158,-39.3740,40
gxn,46,X,-4917,-37.5344,40
gxn,47,X,-5312,-40.5496,40
gxn,48,X,-5237,-39.9771,40
gxn,49,X,-5171,-39.4733,40
gxn,50,X,-5001,-38.1756,40
gxn,51,X,-4496,-34.3206,40
gxn,52,X,-4669,-35.6412,40
gxn,53,X,-4752,-36.2748,40
gxn,54,X,-4954,-37.8168,40
gxn,55,X,-4966,-37.9084,40
gxn,56,X,-5124,-39.1145,40
gxn,57,X,-5282,-40.3206,40
gxn,58,X,-5131,-39.1679,40
gxn,59,X,-5277,-40.2824,40
gxn,60,X,-5064,-38.6565,40
gxn,61,X,-5461,-41.6870,40
gxn,62,X,-5323,-40.6336,40
gxn,63,X,-5303,-40.4809,40
gxn,64,X,-5203,-39.7176,40
gxn,65,X,-5001,-38.1756,40
gxn,66,X,-5343,-40.7863,40
gxn,67,X,-5111,-39.0153,40
gxn,68,X,-5219,-39.8397,40
gxn,69,X,-5122,-39.0992,40
gxn,70,X,-5395,-41.1832,40
gxn,71,X,-5491,-41.9160,40
gxn,72,X,-5277,-40.2824,40
gxn,73,X,-5362,-40.9313,40
gxn,74,X,-5087,-38.8321,40
gxn,75,X,-5457,-41.6565,40
gxn,76,X,-5273,-40.2519,40
gxn,77,X,-5369,-40.9847,40
gxn,78,X,-5204,-39.7252,40
gxn,79,X,-5148,-39.2977,40
gxn,80,X,-5386,-41.1145,40
gxn,81,X,-5141,-39.2443,40
gxn,82,X,-5270,-40.2290,40
gxn,83,X,-5005,-38.2061,40
gxn,84,X,-5216,-39.8168,40
gxn,85,X,-5380,-41.0687,40
gxn,86,X,-5327,-40.6641,40
gxn,87,X,-5359,-40.9084,40
gxn,88,X,-5120,-39.0840,40
gxn,89,X,-5448,-41.5878,40
gxn,90,X,-5214,-39.8015,40
gxn,91,X,-5414,-41.3282,40
gxn,92,X,-5166,-39.4351,40
gxn,93,X,-5245,-40.0382,40
gxn,94,X,-5352,-40.8550,40
gxn,95,X,-5224,-39.8779,40
gxn,96,X,-5358,-40.9008,40
gxn,97,X,-5025,-38.3588,40
gxn,98,X,-5280,-40.3053,40
gxn,99,X,-5242,-40.0153,40
gxn,100,X,-5339,-40.7557,40
gxn,101,X,-5319,-40.6031,40
gxn,102,X,-5176,-39.5115,40
gxn,103,X,-5422,-41.3893,40
gxn,104,X,-5240,-40.0000,40
gxn,105,X,-5390,-41.1450,40
gxn,106,X,-5165,-39.4275,40
gxn,107,X,-5261,-40.1603,40
gxn,108,X,-5286,-40.3511,40
gxn,109,X,-5150,-39.3130,40
gxn,110,X,-5281,-40.3130,40
gxn,111,X,-4996,-38.1374,40
gxn,112,X,-5234,-39.9542,40
gxn,113,X,-5108,-38.9924,40
gxn,114,X,-5227,-39.9008,40
gxn,115,X,-5209,-39.7634,40
gxn,116,X,-5080,-38.7786,40
gxn,117,X,-5372,-41.0076,40
gxn,118,X,-5196,-39.6641,40
gxn,119,X,-5350,-40.8397,40
gxn,120,X,-5136,-39.2061,40
gxn,121,X,-5423,-41.3969,40
gxn,122,X,-5498,-41.9695,40
gxn,123,X,-5522,-42.1527,40
gxn,124,X,-5882,-44.9008,40
gxn,125,X,-5407,-41.2748,40
gxn,126,X,-5594,-42.7023,40
gxn,127,X,-5286,-40.3511,40
gxn,128,X,-5490,-41.9084,40
gxn,129,X,-5360,-40.9160,40
gxn,130,X,-5354,-40.8702,40
gxn,131,X,-5460,-41.6794,40
gxn,132,X,-5238,-39.9847,40
gxn,133,X,-5397,-41.1985,40
gxn,134,X,-5145,-39.2748,40
gxn,135,X,-5634,-43.0076,40
gxn,136,X,-5494,-41.9389,40
gxn,137,X,-5324,-40.6412,40
gxn,138,X,-5278,-40.2901,40
gxn,139,X,-5144,-39.2672,40
gxn,140,X,-5451,-41.6107,40
gxn,141,X,-5193,-39.6412,40
gxn,142,X,-5366,-40.9618,40
gxn,143,X,-5224,-39.8779,40
gxn,144,X,-5369,-40.9847,40
gxn,145,X,-5371,-41.0000,40
gxn,146,X,-5192,-39.6336,40
gxn,147,X,-5334,-40.7176,40
gxn,148,X,-5123,-39.1069,40
gxn,149,X,-5448,-41.5878,40
gxn,150,X,-5332,-40.7023,40
gxn,151,X,-5386,-41.1145,40
gxn,152,X,-5312,-40.5496,40
gxn,153,X,-5181,-39.5496,40
gxn,154,X,-5453,-41.6260,40
gxn,155,X,-5203,-39.7176,40
gxn,156,X,-5364,-40.9466,40
gxn,157,X,-5165,-39.4275,40
gxn,158,X,-5463,-41.7023,40
gxn,159,X,-5442,-41.5420,40
gxn,160,X,-5259,-40.1450,40
gxn,161,X,-5330,-40.6870,40
gxn,162,X,-5130,-39.1603,40
gxn,163,X,-5510,-42.0611,40
gxn,164,X,-5335,-40.7252,40
gxn,165,X,-5403,-41.2443,40
gxn,166,X,-5277,-40.2824,40
gxn,167,X,-5244,-40.0305,40
gxn,168,X,-5467,-41.7328,40
gxn,169,X,-5224,-39.8779,40
gxn,170,X,-5311,-40.5420,40
gxn,171,X,-5135,-39.1985,40
gxn,172,X,-5546,-42.3359,40
gxn,173,X,-5506,-42.0305,40
gxn,174,X,-5399,-41.2137,40
gxn,175,X,-5381,-41.0763,40
gxn,176,X,-5233,-39.9466,40
gxn,177,X,-5564,-42.4733,40
gxn,178,X,-5497,-41.9618,40
gxn,179,X,-5602,-42.7634,40
gxn,180,X,-5419,-41.3664,40
gxn,181,X,-5400,-41.2214,40
gxn,182,X,-5631,-42.9847,40
gxn,183,X,-5411,-41.3053,40
gxn,184,X,-5483,-41.8550,40
gxn,185,X,-5186,-39.5878,40
gxn,186,X,-5421,-41.3817,40
gxn,187,X,-5456,-41.6489,40
gxn,188,X,-5421,-41.3817,40
gxn,189,X,-5340,-40.7634,40
gxn,190,X,-5171,-39.4733,40
gxn,191,X,-5504,-42.0153,40
gxn,192,X,-5304,-40.4885,40
gxn,193,X,-5442,-41.5420,40
gxn,194,X,-5268,-40.2137,40
gxn,195,X,-5350,-40.8397,40
gxn,196,X,-5457,-41.6565,40
gxn,197,X,-5281,-40.3130,40
gxn,198,X,-5328,-40.6718,40
gxn,199,X,-5023,-38.3435,40
gxn,200,X,-5348,-40.8244,40
gxn,201,X,-5289,-40.3740,40
gxn,202,X,-5428,-41.4351,40
gxn,203,X,-5272,-40.2443,40
gxn,204,X,-5189,-39.6107,40
gxn,205,X,-5504,-42.0153,40
gxn,206,X,-5311,-40.5420,40
gxn,207,X,-5459,-41.6718,40
gxn,208,X,-5215,-39.8092,40
gxn,209,X,-5446,-41.5725,40
gxn,210,X,-5640,-43.0534,40
gxn,211,X,-5415,-41.3359,40
gxn,212,X,-5503,-42.0076,40
gxn,213,X,-5164,-39.4198,40
gxn,214,X,-5438,-41.5115,40
gxn,215,X,-5263,-40.1756,40
gxn,216,X,-5466,-41.7252,40
gxn,217,X,-5326,-40.6565,40
gxn,218,X,-5268,-40.2137,40
gxn,219,X,-5477,-41.8092,40
gxn,220,X,-5320,-40.6107,40
gxn,221,X,-5487,-41.8855,40
gxn,222,X,-5164,-39.4198,40
gxn,223,X,-5412,-41.3130,40
gxn,224,X,-5462,-41.6947,40
gxn,225,X,-5342,-40.7786,40
gxn,226,X,-5370,-40.9924,40
gxn,227,X,-5125,-39.1221,40
gxn,228,X,-5372,-41.0076,40
gxn,229,X,-5186,-39.5878,40
gxn,230,X,-5369,-40.9847,40
gxn,231,X,-5244,-40.0305,40
gxn,232,X,-5236,-39.9695,40
gxn,233,X,-5384,-41.0992,40
gxn,234,X,-5241,-40.0076,40
gxn,235,X,-5391,-41.1527,40
gxn,236,X,-5118,-39.0687,40
gxn,237,X,-5406,-41.2672,40
gxn,238,X,-5331,-40.6947,40
gxn,239,X,-5389,-41.1374,40
gxn,240,X,-5451,-41.6107,40
gxn,241,X,-5204,-39.7252,40
gxn,242,X,-5430,-41.4504,40
gxn,243,X,-5224,-39.8779,40
gxn,244,X,-5332,-40.7023,40
gxn,245,X,-5228,-39.9084,40
gxn,246,X,-5326,-40.6565,40
gxn,247,X,-5374,-41.0229,40
gxn,248,X,-5244,-40.0305,40
gxn,249,X,-5414,-41.3282,40
gxn,250,X,-5145,-39.2748,40
gxn,251,X,-5431,-41.4580,40
gxn,252,X,-5266,-40.1985,40
gxn,253,X,-5371,-41.0000,40
gxn,254,X,-5317,-40.5878,40
gxn,255,X,-5208,-39.7557,40
gxn,256,X,-5610,-42.8244,40
gxn,257,X,-5265,-40.1908,40
gxn,258,X,-5386,-41.1145,40
gxn,259,X,-5137,-39.2137,40
gxn,260,X,-5418,-41.3588,40
gxn,261,X,-5339,-40.7557,40
gxn,262,X,-5222,-39.8626,40
gxn,263,X,-5356,-40.8855,40
gxn,264,X,-5182,-39.5573,40
gxn,265,X,-5476,-41.8015,40
gxn,266,X,-5308,-40.5191,40
gxn,267,X,-5415,-41.3359,40
gxn,268,X,-5332,-40.7023,40
gxn,269,X,-5308,-40.5191,40
gxn,270,X,-5524,-42.1679,40
gxn,271,X,-5307,-40.5115,40
gxn,272,X,-5299,-40.4504,40
gxn,273,X,-5112,-39.0229,40
gxn,274,X,-5403,-41.2443,40
gxn,275,X,-5410,-41.2977,40
gxn,276,X,-5304,-40.4885,40
gxn,277,X,-5318,-40.5954,40
gxn,278,X,-5166,-39.4351,40
gxn,279,X,-5487,-41.8855,40
gxn,280,X,-5261,-40.1603,40
gxn,281,X,-5354,-40.8702,40
gxn,282,X,-5353,-40.8626,40
gxn,283,X,-5439,-41.5191,40
gxn,284,X,-5540,-42.2901,40
gxn,285,X,-5276,-40.2748,40
gxn,286,X,-5426,-41.4198,40
gxn,287,X,-5300,-40.4580,40
gxn,288,X,-5488,-41.8931,40
gxn,289,X,-5497,-41.9618,40
gxn,290,X,-5348,-40.8244,40
gxn,291,X,-5337,-40.7405,40
gxn,292,X,-5181,-39.5496,40
gxn,293,X,-5548,-42.3511,40
gxn,294,X,-5317,-40.5878,40
gxn,295,X,-5415,-41.3359,40
gxn,296,X,-5221,-39.8550,40
gxn,297,X,-5429,-41.4427,40
gxn,298,X,-5598,-42.7328,40
gxn,299,X,-5353,-40.8626,40
gxn,300,X,-5438,-41.5115,40
gxn,301,X,-5104,-38.9618,40
gxn,302,X,-5485,-41.8702,40
gxn,303,X,-5544,-42.3206,40
gxn,304,X,-5471,-41.7634,40
gxn,305,X,-5333,-40.7099,40
gxn,306,X,-5158,-39.3740,40
gxn,307,X,-5487,-41.8855,40
gxn,308,X,-5228,-39.9084,40
gxn,309,X,-5380,-41.0687,40
gxn,310,X,-5077,-38.7557,40
gxn,311,X,-5340,-40.7634,40
gxn,312,X,-5444,-41.5573,40
gxn,313,X,-5319,-40.6031,40
gxn,314,X,-5364,-40.9466,40
gxn,315,X,-5115,-39.0458,40
gxn,316,X,-5376,-41.0382,40
gxn,317,X,-5275,-40.2672,40
gxn,318,X,-5438,-41.5115,40
gxn,319,X,-5322,-40.6260,40
gxn,320,X,-5266,-40.1985,40
gxn,321,X,-5480,-41.8321,40
gxn,322,X,-5313,-40.5573,40
gxn,323,X,-5431,-41.4580,40
gxn,324,X,-5126,-39.1298,40
gxn,325,X,-5392,-41.1603,40
gxn,326,X,-5447,-41.5802,40
gxn,327,X,-5371,-41.0000,40
gxn,328,X,-5390,-41.1450,40
gxn,329,X,-5143,-39.2595,40
gxn,330,X,-5441,-41.5344,40
gxn,331,X,-5228,-39.9084,40
gxn,332,X,-5399,-41.2137,40
gxn,333,X,-5287,-40.3588,40
gxn,334,X,-5271,-40.2366,40
gxn,335,X,-5452,-41.6183,40
gxn,336,X,-5313,-40.5573,40
gxn,337,X,-5460,-41.6794,40
gxn,338,X,-5181,-39.5496,40
gxn,339,X,-5399,-41.2137,40
gxn,340,X,-5365,-40.9542,40
gxn,341,X,-5400,-41.2214,40
gxn,342,X,-5345,-40.8015,40
gxn,343,X,-5208,-39.7557,40
gxn,344,X,-5458,-41.6641,40
gxn,345,X,-5219,-39.8397,40
gxn,346,X,-5410,-41.2977,40
gxn,347,X,-5239,-39.9924,40
gxn,348,X,-5357,-40.8931,40
gxn,349,X,-5411,-41.3053,40
gxn,350,X,-5294,-40.4122,40
gxn,351,X,-5391,-41.1527,40
gxn,352,X,-5139,-39.2290,40
gxn,353,X,-5472,-41.7710,40
gxn,354,X,-5807,-44.3282,40
gxn,355,X,-6249,-47.7023,40
gxn,356,X,-6132,-46.8092,40
gxn,357,X,-5598,-42.7328,40
gxn,358,X,-5637,-43.0305,40
gxn,359,X,-5298,-40.4427,40
gxn,360,X,-5462,-41.6947,40
gxn,361,X,-5276,-40.2748,40
gxn,362,X,-5434,-41.4809,40
gxn,363,X,-5405,-41.2595,40
gxn,364,X,-5243,-40.0229,40
gxn,365,X,-5363,-40.9389,40
gxn,366,X,-5148,-39.2977,40
gxn,367,X,-5431,-41.4580,40
gxn,368,X,-5220,-39.8473,40
gxn,369,X,-5330,-40.6870,40
gxn,370,X,-5266,-40.1985,40
gxn,371,X,-5219,-39.8397,40
gxn,372,X,-5409,-41.2901,40
gxn,373,X,-5214,-39.8015,40
gxn,374,X,-5360,-40.9160,40
gxn,375,X,-5140,-39.2366,40
gxn,376,X,-5440,-41.5267,40
gxn,377,X,-5338,-40.7481,40
gxn,378,X,-5229,-39.9160,40
gxn,379,X,-5307,-40.5115,40
gxn,380,X,-5153,-39.3359,40
gxn,381,X,-5414,-41.3282,40
gxn,382,X,-5217,-39.8244,40
gxn,383,X,-5339,-40.7557,40
gxn,384,X,-5239,-39.9924,40
gxn,385,X,-5283,-40.3282,40
gxn,386,X,-5372,-41.0076,40
gxn,387,X,-5222,-39.8626,40
gxn,388,X,-5314,-40.5649,40
gxn,389,X,-5134,-39.1908,40
gxn,390,X,-5480,-41.8321,40
gxn,391,X,-5411,-41.3053,40
gxn,392,X,-5364,-40.9466,40
gxn,393,X,-5284,-40.3359,40
gxn,394,X,-5178,-39.5267,40
gxn,395,X,-5435,-41.4885,40
gxn,396,X,-5221,-39.8550,40
gxn,397,X,-5395,-41.1832,40
gxn,398,X,-5271,-40.2366,40
gxn,399,X,-5400,-41.2214,40
gxn,400,X,-5449,-41.5954,40
gxn,401,X,-5270,-40.2290,40
gxn,402,X,-5341,-40.7710,40
gxn,403,X,-5210,-39.7710,40
gxn,404,X,-5618,-42.8855,40
gxn,405,X,-5520,-42.1374,40
gxn,406,X,-5540,-42.2901,40
gxn,407,X,-5549,-42.3588,40
gxn,408,X,-5764,-44.0000,40
gxn,409,X,-5776,-44.0916,40
gxn,410,X,-5425,-41.4122,40
gxn,411,X,-5466,-41.7252,40
gxn,412,X,-5406,-41.2672,40
gxn,413,X,-5496,-41.9542,40
gxn,414,X,-5507,-42.0382,40
gxn,415,X,-5340,-40.7634,40
gxn,416,X,-5306,-40.5038,40
gxn,417,X,-5119,-39.0763,40
gxn,418,X,-5423,-41.3969,40
gxn,419,X,-5337,-40.7405,40
gxn,420,X,-5442,-41.5420,40
gxn,421,X,-5351,-40.8473,40
gxn,422,X,-5395,-41.1832,40
gxn,423,X,-5556,-42.4122,40
gxn,424,X,-5325,-40.6489,40
gxn,425,X,-5445,-41.5649,40
gxn,426,X,-5228,-39.9084,40
gxn,427,X,-5457,-41.6565,40
gxn,428,X,-5453,-41.6260,40
gxn,429,X,-5297,-40.4351,40
gxn,430,X,-5231,-39.9313,40
gxn,431,X,-5065,-38.6641,40
gxn,432,X,-5363,-40.9389,40
gxn,433,X,-5240,-40.0000,40
gxn,434,X,-5367,-40.9695,40
gxn,435,X,-5210,-39.7710,40
gxn,436,X,-5239,-39.9924,40
gxn,437,X,-5410,-41.2977,40
gxn,438,X,-5248,-40.0611,40
gxn,439,X,-5373,-41.0153,40
gxn,440,X,-5135,-39.1985,40
gxn,441,X,-5506,-42.0305,40
gxn,442,X,-5415,-41.3359,40
gxn,443,X,-5416,-41.3435,40
gxn,444,X,-5331,-40.6947,40
gxn,445,X,-5151,-39.3206,40
gxn,446,X,-5421,-41.3817,40
gxp,1,X,4115,31.4122,40
gxp,2,X,4404,33.6183,40
gxp,3,X,4717,36.0076,40
gxp,4,X,4549,34.7252,40
gxp,5,X,4554,34.7634,40
gxp,6,X,4723,36.0534,40
gxp,7,X,4580,34.9618,40
gxp,8,X,4776,36.4580,40
gxp,9,X,4453,33.9924,40
gxp,10,X,4583,34.9847,40
gxp,11,X,4626,35.3130,40
gxp,12,X,4652,35.5115,40
gxp,13,X,4701,35.8855,40
gxp,14,X,4437,33.8702,40
gxp,15,X,4737,36.1603,40
gxp,16,X,4666,35.6183,40
gxp,17,X,4930,37.6336,40
gxp,18,X,4675,35.6870,40
gxp,19,X,4651,35.5038,40
gxp,20,X,4777,36.4656,40
gxp,21,X,4684,35.7557,40
gxp,22,X,4907,37.4580,40
gxp,23,X,4603,35.1374,40
gxp,24,X,4843,36.9695,40
gxp,25,X,4741,36.1908,40
gxp,26,X,4893,37.3511,40
gxp,27,X,4903,37.4275,40
gxp,28,X,4598,35.0992,40
gxp,29,X,4826,36.8397,40
gxp,30,X,4715,35.9924,40
gxp,31,X,4940,37.7099,40
gxp,32,X,4718,36.0153,40
gxp,33,X,4676,35.6947,40
gxp,34,X,4754,36.2901,40
gxp,35,X,4649,35.4885,40
gxp,36,X,4891,37.3359,40
gxp,37,X,4589,35.0305,40
gxp,38,X,4816,36.7634,40
gxp,39,X,4734,36.1374,40
gxp,40,X,4908,37.4656,40
gxp,41,X,4869,37.1679,40
gxp,42,X,4763,36.3588,40
gxp,43,X,5008,38.2290,40
gxp,44,X,4752,36.2748,40
gxp,45,X,5095,38.8931,40
gxp,46,X,4766,36.3817,40
gxp,47,X,4856,37.0687,40
gxp,48,X,4778,36.4733,40
gxp,49,X,4850,37.0229,40
gxp,50,X,5019,38.3130,40
gxp,51,X,4675,35.6870,40
gxp,52,X,4911,37.4885,40
gxp,53,X,4765,36.3740,40
gxp,54,X,4880,37.2519,40
gxp,55,X,4739,36.1756,40
gxp,56,X,4611,35.1985,40
gxp,57,X,4834,36.9008,40
gxp,58,X,4731,36.1145,40
gxp,59,X,4925,37.5954,40
gxp,60,X,4655,35.5344,40
gxp,61,X,4691,35.8092,40
gxp,62,X,4679,35.7176,40
gxp,63,X,4773,36.4351,40
gxp,64,X,4982,38.0305,40
gxp,65,X,4652,35.5115,40
gxp,66,X,4881,37.2595,40
gxp,67,X,4733,36.1298,40
gxp,68,X,5001,38.1756,40
gxp,69,X,4851,37.0305,40
gxp,70,X,4792,36.5802,40
gxp,71,X,4846,36.9924,40
gxp,72,X,4735,36.1450,40
gxp,73,X,5162,39.4046,40
gxp,74,X,4935,37.6718,40
gxp,75,X,5169,39.4580,40
gxp,76,X,4935,37.6718,40
gxp,77,X,4986,38.0611,40
gxp,78,X,4963,37.8855,40
gxp,79,X,4760,36.3359,40
gxp,80,X,4989,38.0840,40
gxp,81,X,4792,36.5802,40
gxp,82,X,5127,39.1374,40
gxp,83,X,4881,37.2595,40
gxp,84,X,4937,37.6870,40
gxp,85,X,4879,37.2443,40
gxp,86,X,4800,36.6412,40
gxp,87,X,5054,38.5802,40
gxp,88,X,4815,36.7557,40
gxp,89,X,5148,39.2977,40
gxp,90,X,4932,37.6489,40
gxp,91,X,5075,38.7405,40
gxp,92,X,4979,38.0076,40
gxp,93,X,4835,36.9084,40
gxp,94,X,5039,38.4656,40
gxp,95,X,4822,36.8092,40
gxp,96,X,5146,39.2824,40
gxp,97,X,4942,37.7252,40
gxp,98,X,5070,38.7023,40
gxp,99,X,4982,38.0305,40
gxp,100,X,4913,37.5038,40
gxp,101,X,5135,39.1985,40
gxp,102,X,4815,36.7557,40
gxp,103,X,5109,39.0000,40
gxp,104,X,4988,38.0763,40
gxp,105,X,5091,38.8626,40
gxp,106,X,4927,37.6107,40
gxp,107,X,4851,37.0305,40
gxp,108,X,5107,38.9847,40
gxp,109,X,4846,36.9924,40
gxp,110,X,5123,39.1069,40
gxp,111,X,4828,36.8550,40
gxp,112,X,5083,38.8015,40
gxp,113,X,5004,38.1985,40
gxp,114,X,5000,38.1679,40
gxp,115,X,5003,38.1908,40
gxp,116,X,4694,35.8321,40
gxp,117,X,5052,38.5649,40
gxp,118,X,4859,37.0916,40
gxp,119,X,5112,39.0229,40
gxp,120,X,4865,37.1374,40
gxp,121,X,4807,36.6947,40
gxp,122,X,4953,37.8092,40
gxp,123,X,4842,36.9618,40
gxp,124,X,5118,39.0687,40
gxp,125,X,4824,36.8244,40
gxp,126,X,5101,38.9389,40
gxp,127,X,5003,38.1908,40
gxp,128,X,5053,38.5725,40
gxp,129,X,4967,37.9160,40
gxp,130,X,4685,35.7634,40
gxp,131,X,4998,38.1527,40
gxp,132,X,4827,36.8473,40
gxp,133,X,5166,39.4351,40
gxp,134,X,4869,37.1679,40
gxp,135,X,4871,37.1832,40
gxp,136,X,4889,37.3206,40
gxp,137,X,4892,37.3435,40
gxp,138,X,5270,40.2290,40
gxp,139,X,4964,37.8931,40
gxp,140,X,5040,38.4733,40
gxp,141,X,4986,38.0611,40
gxp,142,X,5103,38.9542,40
gxp,143,X,4953,37.8092,40
gxp,144,X,4680,35.7252,40
gxp,145,X,4908,37.4656,40
gxp,146,X,4740,36.1832,40
gxp,147,X,5102,38.9466,40
gxp,148,X,4842,36.9618,40
gxp,149,X,4905,37.4427,40
gxp,150,X,4909,37.4733,40
gxp,151,X,4966,37.9084,40
gxp,152,X,5126,39.1298,40
gxp,153,X,4631,35.3511,40
gxp,154,X,4956,37.8321,40
gxp,155,X,4848,37.0076,40
gxp,156,X,5146,39.2824,40
gxp,157,X,4938,37.6947,40
gxp,158,X,4798,36.6260,40
gxp,159,X,4905,37.4427,40
gxp,160,X,4767,36.3893,40
gxp,161,X,5087,38.8321,40
gxp,162,X,4793,36.5878,40
gxp,163,X,4960,37.8626,40
gxp,164,X,4871,37.1832,40
gxp,165,X,4975,37.9771,40
gxp,166,X,5176,39.5115,40
gxp,167,X,4809,36.7099,40
gxp,168,X,5031,38.4046,40
gxp,169,X,4866,37.1450,40
gxp,170,X,5227,39.9008,40
gxp,171,X,4966,37.9084,40
gxp,172,X,4931,37.6412,40
gxp,173,X,4944,37.7405,40
gxp,174,X,4862,37.1145,40
gxp,175,X,5164,39.4198,40
gxp,176,X,4818,36.7786,40
gxp,177,X,5060,38.6260,40
gxp,178,X,4967,37.9160,40
gxp,179,X,5053,38.5725,40
gxp,180,X,5039,38.4656,40
gxp,181,X,4745,36.2214,40
gxp,182,X,4893,37.3511,40
gxp,183,X,4665,35.6107,40
gxp,184,X,5032,38.4122,40
gxp,185,X,4814,36.7481,40
gxp,186,X,4929,37.6260,40
gxp,187,X,4882,37.2672,40
gxp,188,X,4871,37.1832,40
gxp,189,X,5086,38.8244,40
gxp,190,X,4748,36.2443,40
gxp,191,X,5021,38.3282,40
gxp,192,X,4915,37.5191,40
gxp,193,X,5088,38.8397,40
gxp,194,X,5082,38.7939,40
gxp,195,X,5015,38.2824,40
gxp,196,X,5141,39.2443,40
gxp,197,X,4845,36.9847,40
gxp,198,X,5137,39.2137,40
gxp,199,X,4832,36.8855,40
gxp,200,X,5010,38.2443,40
gxp,201,X,4857,37.0763,40
gxp,202,X,4929,37.6260,40
gxp,203,X,5020,38.3206,40
gxp,204,X,4743,36.2061,40
gxp,205,X,4999,38.1603,40
gxp,206,X,4842,36.9618,40
gxp,207,X,5069,38.6947,40
gxp,208,X,4940,37.7099,40
gxp,209,X,4944,37.7405,40
gxp,210,X,5015,38.2824,40
gxp,211,X,4830,36.8702,40
gxp,212,X,5167,39.4427,40
gxp,213,X,4872,37.1908,40
gxp,214,X,5131,39.1679,40
gxp,215,X,4914,37.5115,40
gxp,216,X,4982,38.0305,40
gxp,217,X,4943,37.7328,40
gxp,218,X,4741,36.1908,40
gxp,219,X,4992,38.1069,40
gxp,220,X,4828,36.8550,40
gxp,221,X,5145,39.2748,40
gxp,222,X,4949,37.7786,40
gxp,223,X,4961,37.8702,40
gxp,224,X,5010,38.2443,40
gxp,225,X,4877,37.2290,40
gxp,226,X,5080,38.7786,40
gxp,227,X,4796,36.6107,40
gxp,228,X,5146,39.2824,40
gxp,229,X,5000,38.1679,40
gxp,230,X,5091,38.8626,40
gxp,231,X,4926,37.6031,40
gxp,232,X,4766,36.3817,40
gxp,233,X,4982,38.0305,40
gxp,234,X,4793,36.5878,40
gxp,235,X,5099,38.9237,40
gxp,236,X,4838,36.9313,40
gxp,237,X,4938,37.6947,40
gxp,238,X,4964,37.8931,40
gxp,239,X,4924,37.5878,40
gxp,240,X,5019,38.3130,40
gxp,241,X,4645,35.4580,40
gxp,242,X,5029,38.3893,40
gxp,243,X,4961,37.8702,40
gxp,244,X,5259,40.1450,40
gxp,245,X,5006,38.2137,40
gxp,246,X,4825,36.8321,40
gxp,247,X,4986,38.0611,40
gxp,248,X,4789,36.5573,40
gxp,249,X,5125,39.1221,40
gxp,250,X,4820,36.7939,40
gxp,251,X,5005,38.2061,40
gxp,252,X,4929,37.6260,40
gxp,253,X,4994,38.1221,40
gxp,254,X,5004,38.1985,40
gxp,255,X,4634,35.3740,40
gxp,256,X,4920,37.5573,40
gxp,257,X,4827,36.8473,40
gxp,258,X,5132,39.1756,40
gxp,259,X,4964,37.8931,40
gxp,260,X,4889,37.3206,40
gxp,261,X,4923,37.5802,40
gxp,262,X,4819,36.7863,40
gxp,263,X,5096,38.9008,40
gxp,264,X,4769,36.4046,40
gxp,265,X,5040,38.4733,40
gxp,266,X,4910,37.4809,40
gxp,267,X,5081,38.7863,40
gxp,268,X,5024,38.3511,40
gxp,269,X,4725,36.0687,40
gxp,270,X,4964,37.8931,40
gxp,271,X,4797,36.6183,40
gxp,272,X,5151,39.3206,40
gxp,273,X,4892,37.3435,40
gxp,274,X,4911,37.4885,40
gxp,275,X,5043,38.4962,40
gxp,276,X,5008,38.2290,40
gxp,277,X,5147,39.2901,40
gxp,278,X,4750,36.2595,40
gxp,279,X,4982,38.0305,40
gxp,280,X,4878,37.2366,40
gxp,281,X,5083,38.8015,40
gxp,282,X,5017,38.2977,40
gxp,283,X,4841,36.9542,40
gxp,284,X,5015,38.2824,40
gxp,285,X,4810,36.7176,40
gxp,286,X,5166,39.4351,40
gxp,287,X,4882,37.2672,40
gxp,288,X,4964,37.8931,40
gxp,289,X,4922,37.5725,40
gxp,290,X,5029,38.3893,40
gxp,291,X,5209,39.7634,40
gxp,292,X,4783,36.5115,40
gxp,293,X,5007,38.2214,40
gxp,294,X,4870,37.1756,40
gxp,295,X,5085,38.8168,40
gxp,296,X,4946,37.7557,40
gxp,297,X,4853,37.0458,40
gxp,298,X,4964,37.8931,40
gxp,299,X,4793,36.5878,40
gxp,300,X,5135,39.1985,40
gxp,301,X,4903,37.4275,40
gxp,302,X,4996,38.1374,40
gxp,303,X,4891,37.3359,40
gxp,304,X,4932,37.6489,40
gxp,305,X,5104,38.9618,40
gxp,306,X,4837,36.9237,40
gxp,307,X,5151,39.3206,40
gxp,308,X,4921,37.5649,40
gxp,309,X,5158,39.3740,40
gxp,310,X,4936,37.6794,40
gxp,311,X,4906,37.4504,40
gxp,312,X,4968,37.9237,40
gxp,313,X,4815,36.7557,40
gxp,314,X,5129,39.1527,40
gxp,315,X,4874,37.2061,40
gxp,316,X,5083,38.8015,40
gxp,317,X,4991,38.0992,40
gxp,318,X,4943,37.7328,40
gxp,319,X,5025,38.3588,40
gxp,320,X,4737,36.1603,40
gxp,321,X,5036,38.4427,40
gxp,322,X,4878,37.2366,40
gxp,323,X,5221,39.8550,40
gxp,324,X,5026,38.3664,40
gxp,325,X,5048,38.5344,40
gxp,326,X,5097,38.9084,40
gxp,327,X,4913,37.5038,40
gxp,328,X,5154,39.3435,40
gxp,329,X,4873,37.1985,40
gxp,330,X,5187,39.5954,40
gxp,331,X,5048,38.5344,40
gxp,332,X,5104,38.9618,40
gxp,333,X,5053,38.5725,40
gxp,334,X,4855,37.0611,40
gxp,335,X,5051,38.5573,40
gxp,336,X,4876,37.2214,40
gxp,337,X,5123,39.1069,40
gxp,338,X,4962,37.8779,40
gxp,339,X,5048,38.5344,40
gxp,340,X,5083,38.8015,40
gxp,341,X,4989,38.0840,40
gxp,342,X,5104,38.9618,40
gxp,343,X,4778,36.4733,40
gxp,344,X,5106,38.9771,40
gxp,345,X,4996,38.1374,40
gxp,346,X,5087,38.8321,40
gxp,347,X,4937,37.6870,40
gxp,348,X,4834,36.9008,40
gxp,349,X,5008,38.2290,40
gxp,350,X,4837,36.9237,40
gxp,351,X,5087,38.8321,40
gxp,352,X,4839,36.9389,40
gxp,353,X,5007,38.2214,40
gxp,354,X,4914,37.5115,40
gxp,355,X,4969,37.9313,40
gxp,356,X,5115,39.0458,40
gxp,357,X,4836,36.9160,40
gxp,358,X,5151,39.3206,40
gxp,359,X,5015,38.2824,40
gxp,360,X,5182,39.5573,40
gxp,361,X,4934,37.6641,40
gxp,362,X,4818,36.7786,40
gxp,363,X,4977,37.9924,40
gxp,364,X,4874,37.2061,40
gxp,365,X,5144,39.2672,40
gxp,366,X,4808,36.7023,40
gxp,367,X,4987,38.0687,40
gxp,368,X,4958,37.8473,40
gxp,369,X,5613,42.8473,40
gxp,370,X,5333,40.7099,40
gxp,371,X,4770,36.4122,40
gxp,372,X,5007,38.2214,40
gxp,373,X,4911,37.4885,40
gxp,374,X,5151,39.3206,40
gxp,375,X,4894,37.3588,40
gxp,376,X,4787,36.5420,40
gxp,377,X,4914,37.5115,40
gxp,378,X,4870,37.1756,40
gxp,379,X,5130,39.1603,40
gxp,380,X,4738,36.1679,40
gxp,381,X,5006,38.2137,40
gxp,382,X,4972,37.9542,40
gxp,383,X,5139,39.2290,40
gxp,384,X,5002,38.1832,40
gxp,385,X,4707,35.9313,40
gxp,386,X,4912,37.4962,40
gxp,387,X,4786,36.5344,40
gxp,388,X,5136,39.2061,40
gxp,389,X,4889,37.3206,40
gxp,390,X,4889,37.3206,40
gxp,391,X,4863,37.1221,40
gxp,392,X,4883,37.2748,40
gxp,393,X,5079,38.7710,40
gxp,394,X,4726,36.0763,40
gxp,395,X,5006,38.2137,40
gxp,396,X,4896,37.3740,40
gxp,397,X,5080,38.7786,40
gxp,398,X,4993,38.1145,40
gxp,399,X,4845,36.9847,40
gxp,400,X,4975,37.9771,40
gxp,401,X,4818,36.7786,40
gxp,402,X,5169,39.4580,40
gxp,403,X,4870,37.1756,40
gxp,404,X,5011,38.2519,40
gxp,405,X,4897,37.3817,40
gxp,406,X,4988,38.0763,40
gxp,407,X,5112,39.0229,40
gxp,408,X,4787,36.5420,40
gxp,409,X,5067,38.6794,40
gxp,410,X,4942,37.7252,40
gxp,411,X,5215,39.8092,40
gxp,412,X,4978,38.0000,40
gxp,413,X,4840,36.9466,40
gxp,414,X,4868,37.1603,40
gxp,415,X,4761,36.3435,40
gxp,416,X,5088,38.8397,40
gxp,417,X,4796,36.6107,40
gxp,418,X,5010,38.2443,40
gxp,419,X,4844,36.9771,40
gxp,420,X,4944,37.7405,40
gxp,421,X,5013,38.2672,40
gxp,422,X,4780,36.4885,40
gxp,423,X,5018,38.3053,40
gxp,424,X,4850,37.0229,40
gxp,425,X,5187,39.5954,40
gxp,426,X,5019,38.3130,40
gxp,427,X,5051,38.5573,40
gxp,428,X,5047,38.5267,40
gxp,429,X,4875,37.2137,40
gxp,430,X,5087,38.8321,40
gxp,431,X,4787,36.5420,40
gxp,432,X,5034,38.4275,40
gxp,433,X,4857,37.0763,40
gxp,434,X,4981,38.0229,40
gxp,435,X,4920,37.5573,40
gxp,436,X,4779,36.4809,40
gxp,437,X,4949,37.7786,40
gxp,438,X,4829,36.8626,40
gxp,439,X,5120,39.0840,40
gxp,440,X,4901,37.4122,40
gxp,441,X,4950,37.7863,40
gxp,442,X,4885,37.2901,40
gxp,443,X,4886,37.2977,40
gxp,444,X,5073,38.7252,40
gxp,445,X,4802,36.6565,40
gxp,446,X,5054,38.5802,40
gzp,1,Z,1207,9.2137,40
gzp,2,Z,2128,16.2443,40
gzp,3,Z,2839,21.6718,40
gzp,4,Z,3287,25.0916,40
gzp,5,Z,3878,29.6031,40
gzp,6,Z,4099,31.2901,40
gzp,7,Z,4536,34.6260,40
gzp,8,Z,4819,36.7863,40
gzp,9,Z,4884,37.2824,40
gzp,10,Z,4971,37.9466,40
gzp,11,Z,5116,39.0534,40
gzp,12,Z,5085,38.8168,40
gzp,13,Z,5172,39.4809,40
gzp,14,Z,5050,38.5496,40
gzp,15,Z,5130,39.1603,40
gzp,16,Z,5088,38.8397,40
gzp,17,Z,5052,38.5649,40
gzp,18,Z,4954,37.8168,40
gzp,19,Z,4938,37.6947,40
gzp,20,Z,4978,38.0000,40
gzp,21,Z,5036,38.4427,40
gzp,22,Z,5067,38.6794,40
gzp,23,Z,5025,38.3588,40
gzp,24,Z,4920,37.5573,40
gzp,25,Z,4197,32.0382,40
gzp,26,Z,2814,21.4809,40
gzp,27,Z,3182,24.2901,40
gzp,28,Z,4244,32.3969,40
gzp,29,Z,4730,36.1069,40
gzp,30,Z,4842,36.9618,40
gzp,31,Z,4850,37.0229,40
gzp,32,Z,4996,38.1374,40
gzp,33,Z,5016,38.2901,40
gzp,34,Z,5030,38.3969,40
gzp,35,Z,5119,39.0763,40
gzp,36,Z,5211,39.7786,40
gzp,37,Z,5181,39.5496,40
gzp,38,Z,5099,38.9237,40
gzp,39,Z,5211,39.7786,40
gzp,40,Z,5206,39.7405,40
gzp,41,Z,5044,38.5038,40
gzp,42,Z,4807,36.6947,40
gzp,43,Z,5028,38.3817,40
gzp,44,Z,5147,39.2901,40
gzp,45,Z,5204,39.7252,40
gzp,46,Z,4949,37.7786,40
gzp,47,Z,4807,36.6947,40
gzp,48,Z,4842,36.9618,40
gzp,49,Z,4849,37.0153,40
gzp,50,Z,4899,37.3969,40
gzp,51,Z,4878,37.2366,40
gzp,52,Z,4988,38.0763,40
gzp,53,Z,5067,38.6794,40
gzp,54,Z,5083,38.8015,40
gzp,55,Z,5055,38.5878,40
gzp,56,Z,4980,38.0153,40
gzp,57,Z,5070,38.7023,40
gzp,58,Z,4988,38.0763,40
gzp,59,Z,5097,38.9084,40
gzp,60,Z,5209,39.7634,40
gzp,61,Z,5252,40.0916,40
gzp,62,Z,5301,40.4656,40
gzp,63,Z,5244,40.0305,40
gzp,64,Z,5145,39.2748,40
gzp,65,Z,4830,36.8702,40
gzp,66,Z,4956,37.8321,40
gzp,67,Z,5082,38.7939,40
gzp,68,Z,4804,36.6718,40
gzp,69,Z,4623,35.2901,40
gzp,70,Z,4782,36.5038,40
gzp,71,Z,4888,37.3130,40
gzp,72,Z,4851,37.0305,40
gzp,73,Z,4898,37.3893,40
gzp,74,Z,5030,38.3969,40
gzp,75,Z,4999,38.1603,40
gzp,76,Z,5113,39.0305,40
gzp,77,Z,5060,38.6260,40
gzp,78,Z,5044,38.5038,40
gzp,79,Z,5031,38.4046,40
gzp,80,Z,5067,38.6794,40
gzp,81,Z,5221,39.8550,40
gzp,82,Z,5138,39.2214,40
gzp,83,Z,5173,39.4885,40
gzp,84,Z,5133,39.1832,40
gzp,85,Z,5103,38.9542,40
gzp,86,Z,4975,37.9771,40
gzp,87,Z,4768,36.3969,40
gzp,88,Z,5035,38.4351,40
gzp,89,Z,5046,38.5191,40
gzp,90,Z,5083,38.8015,40
gzp,91,Z,4927,37.6107,40
gzp,92,Z,4561,34.8168,40
gzp,93,Z,4668,35.6336,40
gzp,94,Z,4804,36.6718,40
gzp,95,Z,5001,38.1756,40
gzp,96,Z,5022,38.3359,40
gzp,97,Z,5008,38.2290,40
gzp,98,Z,5068,38.6870,40
gzp,99,Z,5138,39.2214,40
gzp,100,Z,5135,39.1985,40
gzp,101,Z,5213,39.7939,40
gzp,102,Z,5334,40.7176,40
gzp,103,Z,5347,40.8168,40
gzp,104,Z,5309,40.5267,40
gzp,105,Z,5331,40.6947,40
gzp,106,Z,5332,40.7023,40
gzp,107,Z,5341,40.7710,40
gzp,108,Z,5329,40.6794,40
gzp,109,Z,5117,39.0611,40
gzp,110,Z,5004,38.1985,40
gzp,111,Z,5044,38.5038,40
gzp,112,Z,5102,38.9466,40
gzp,113,Z,4651,35.5038,40
gzp,114,Z,4479,34.1908,40
gzp,115,Z,4805,36.6794,40
gzp,116,Z,4971,37.9466,40
gzp,117,Z,4927,37.6107,40
gzp,118,Z,4991,38.0992,40
gzp,119,Z,4965,37.9008,40
gzp,120,Z,5027,38.3740,40
gzp,121,Z,4970,37.9389,40
gzp,122,Z,5090,38.8550,40
gzp,123,Z,5254,40.1069,40
gzp,124,Z,5084,38.8092,40
gzp,125,Z,5061,38.6336,40
gzp,126,Z,5020,38.3206,40
gzp,127,Z,5047,38.5267,40
gzp,128,Z,4991,38.0992,40
gzp,129,Z,5028,38.3817,40
gzp,130,Z,5191,39.6260,40
gzp,131,Z,4796,36.6107,40
gzp,132,Z,4661,35.5802,40
gzp,133,Z,4552,34.7481,40
gzp,134,Z,4558,34.7939,40
gzp,135,Z,4075,31.1069,40
gzp,136,Z,3856,29.4351,40
gzp,137,Z,4337,33.1069,40
gzp,138,Z,4596,35.0840,40
gzp,139,Z,4875,37.2137,40
gzp,140,Z,4911,37.4885,40
gzp,141,Z,4941,37.7176,40
gzp,142,Z,5032,38.4122,40
gzp,143,Z,5066,38.6718,40
gzp,144,Z,5141,39.2443,40
gzp,145,Z,5043,38.4962,40
gzp,146,Z,5205,39.7328,40
gzp,147,Z,5160,39.3893,40
gzp,148,Z,5086,38.8244,40
gzp,149,Z,5116,39.0534,40
gzp,150,Z,5146,39.2824,40
gzp,151,Z,5213,39.7939,40
gzp,152,Z,5090,38.8550,40
gzp,153,Z,5091,38.8626,40
gzp,154,Z,5110,39.0076,40
gzp,155,Z,4903,37.4275,40
gzp,156,Z,4756,36.3053,40
gzp,157,Z,4792,36.5802,40
gzp,158,Z,4906,37.4504,40
gzp,159,Z,4334,33.0840,40
gzp,160,Z,3778,28.8397,40
gzp,161,Z,3744,28.5802,40
gzp,162,Z,4083,31.1679,40
gzp,163,Z,4368,33.3435,40
gzp,164,Z,4540,34.6565,40
gzp,165,Z,4726,36.0763,40
gzp,166,Z,4724,36.0611,40
gzp,167,Z,4796,36.6107,40
gzp,168,Z,4827,36.8473,40
gzp,169,Z,4844,36.9771,40
gzp,170,Z,4855,37.0611,40
gzp,171,Z,4990,38.0916,40
gzp,172,Z,4960,37.8626,40
gzp,173,Z,4878,37.2366,40
gzp,174,Z,4944,37.7405,40
gzp,175,Z,4947,37.7634,40
gzp,176,Z,5062,38.6412,40
gzp,177,Z,5284,40.3359,40
gzp,178,Z,5631,42.9847,40
gzp,179,Z,5962,45.5115,40
gzp,180,Z,5468,41.7405,40
gzp,181,Z,5054,38.5802,40
gzp,182,Z,3961,30.2366,40
gzp,183,Z,3541,27.0305,40
gzp,184,Z,3641,27.7939,40
gzp,185,Z,3841,29.3206,40
gzp,186,Z,4460,34.0458,40
gzp,187,Z,4777,36.4656,40
gzp,188,Z,4925,37.5954,40
gzp,189,Z,4911,37.4885,40
gzp,190,Z,4925,37.5954,40
gzp,191,Z,5050,38.5496,40
gzp,192,Z,5076,38.7481,40
gzp,193,Z,5257,40.1298,40
gzp,194,Z,5027,38.3740,40
gzp,195,Z,5059,38.6183,40
gzp,196,Z,5017,38.2977,40
gzp,197,Z,4996,38.1374,40
gzp,198,Z,5138,39.2214,40
gzp,199,Z,5268,40.2137,40
gzp,200,Z,5604,42.7786,40
gzp,201,Z,5629,42.9695,40
gzp,202,Z,5408,41.2824,40
gzp,203,Z,5072,38.7176,40
gzp,204,Z,4166,31.8015,40
gzp,205,Z,3403,25.9771,40
gzp,206,Z,2266,17.2977,40
gzp,207,Z,1364,10.4122,40
gzp,208,Z,2160,16.4885,40
gzp,209,Z,3927,29.9771,40
gzp,210,Z,4622,35.2824,40
gzp,211,Z,4751,36.2672,40
gzp,212,Z,4918,37.5420,40
gzp,213,Z,4937,37.6870,40
gzp,214,Z,4959,37.8550,40
gzp,215,Z,4930,37.6336,40
gzp,216,Z,4999,38.1603,40
gzp,217,Z,4936,37.6794,40
gzp,218,Z,4916,37.5267,40
gzp,219,Z,5031,38.4046,40
gzp,220,Z,5203,39.7176,40
gzp,221,Z,5270,40.2290,40
gzp,222,Z,5293,40.4046,40
gzp,223,Z,5580,42.5954,40
gzp,224,Z,5993,45.7481,40
gzp,225,Z,5797,44.2519,40
gzp,226,Z,5380,41.0687,40
gzp,227,Z,5200,39.6947,40
gzp,228,Z,5066,38.6718,40
gzp,229,Z,4544,34.6870,40
gzp,230,Z,4372,33.3740,40
gzp,231,Z,4419,33.7328,40
gzp,232,Z,4624,35.2977,40
gzp,233,Z,4743,36.2061,40
gzp,234,Z,4822,36.8092,40
gzp,235,Z,4876,37.2214,40
gzp,236,Z,4833,36.8931,40
gzp,237,Z,4935,37.6718,40
gzp,238,Z,4887,37.3053,40
gzp,239,Z,4940,37.7099,40
gzp,240,Z,5086,38.8244,40
gzp,241,Z,5020,38.3206,40
gzp,242,Z,4986,38.0611,40
gzp,243,Z,4891,37.3359,40
gzp,244,Z,5043,38.4962,40
gzp,245,Z,4996,38.1374,40
gzp,246,Z,5053,38.5725,40
gzp,247,Z,5137,39.2137,40
gzp,248,Z,4915,37.5191,40
gzp,249,Z,4906,37.4504,40
gzp,250,Z,4851,37.0305,40
gzp,251,Z,4641,35.4275,40
gzp,252,Z,4084,31.1756,40
gzp,253,Z,3584,27.3588,40
gzp,254,Z,3783,28.8779,40
gzp,255,Z,3778,28.8397,40
gzp,256,Z,4256,32.4885,40
gzp,257,Z,4447,33.9466,40
gzp,258,Z,4572,34.9008,40
gzp,259,Z,4704,35.9084,40
gzp,260,Z,4808,36.7023,40
gzp,261,Z,4904,37.4351,40
gzp,262,Z,4917,37.5344,40
gzp,263,Z,5036,38.4427,40
gzp,264,Z,5040,38.4733,40
gzp,265,Z,5047,38.5267,40
gzp,266,Z,4998,38.1527,40
gzp,267,Z,5021,38.3282,40
gzp,268,Z,5216,39.8168,40
gzp,269,Z,5309,40.5267,40
gzp,270,Z,5679,43.3511,40
gzp,271,Z,6151,46.9542,40
gzp,272,Z,6079,46.4046,40
gzp,273,Z,5325,40.6489,40
gzp,274,Z,4333,33.0763,40
gzp,275,Z,3814,29.1145,40
gzp,276,Z,3134,23.9237,40
gzp,277,Z,3584,27.3588,40
gzp,278,Z,4412,33.6794,40
gzp,279,Z,4829,36.8626,40
gzp,280,Z,4948,37.7710,40
gzp,281,Z,5115,39.0458,40
gzp,282,Z,5144,39.2672,40
gzp,283,Z,5185,39.5802,40
gzp,284,Z,5093,38.8779,40
gzp,285,Z,5109,39.0000,40
gzp,286,Z,5159,39.3817,40
gzp,287,Z,5166,39.4351,40
gzp,288,Z,5308,40.5191,40
gzp,289,Z,5385,41.1069,40
gzp,290,Z,5150,39.3130,40
gzp,291,Z,5049,38.5420,40
gzp,292,Z,5058,38.6107,40
gzp,293,Z,4898,37.3893,40
gzp,294,Z,4655,35.5344,40
gzp,295,Z,4711,35.9618,40
gzp,296,Z,4543,34.6794,40
gzp,297,Z,4230,32.2901,40
gzp,298,Z,4002,30.5496,40
gzp,299,Z,4328,33.0382,40
gzp,300,Z,4549,34.7252,40
gzp,301,Z,4659,35.5649,40
gzp,302,Z,4854,37.0534,40
gzp,303,Z,4957,37.8397,40
gzp,304,Z,5174,39.4962,40
gzp,305,Z,5214,39.8015,40
gzp,306,Z,4982,38.0305,40
gzp,307,Z,5004,38.1985,40
gzp,308,Z,4956,37.8321,40
gzp,309,Z,5013,38.2672,40
gzp,310,Z,5232,39.9389,40
gzp,311,Z,5078,38.7634,40
gzp,312,Z,5139,39.2290,40
gzp,313,Z,5069,38.6947,40
gzp,314,Z,5184,39.5725,40
gzp,315,Z,5247,40.0534,40
gzp,316,Z,5156,39.3588,40
gzp,317,Z,4893,37.3511,40
gzp,318,Z,4718,36.0153,40
gzp,319,Z,4449,33.9618,40
gzp,320,Z,4197,32.0382,40
gzp,321,Z,4050,30.9160,40
gzp,322,Z,4405,33.6260,40
gzp,323,Z,4681,35.7328,40
gzp,324,Z,4813,36.7405,40
gzp,325,Z,4794,36.5954,40
gzp,326,Z,4868,37.1603,40
gzp,327,Z,4936,37.6794,40
gzp,328,Z,4859,37.0916,40
gzp,329,Z,4927,37.6107,40
gzp,330,Z,5013,38.2672,40
gzp,331,Z,5097,38.9084,40
gzp,332,Z,5132,39.1756,40
gzp,333,Z,5171,39.4733,40
gzp,334,Z,5096,38.9008,40
gzp,335,Z,5165,39.4275,40
gzp,336,Z,5214,39.8015,40
gzp,337,Z,5376,41.0382,40
gzp,338,Z,5414,41.3282,40
gzp,339,Z,5244,40.0305,40
gzp,340,Z,4924,37.5878,40
gzp,341,Z,4841,36.9542,40
gzp,342,Z,4743,36.2061,40
gzp,343,Z,4444,33.9237,40
gzp,344,Z,4364,33.3130,40
gzp,345,Z,4383,33.4580,40
gzp,346,Z,4487,34.2519,40
gzp,347,Z,4598,35.0992,40
gzp,348,Z,4656,35.5420,40
gzp,349,Z,4808,36.7023,40
gzp,350,Z,4866,37.1450,40
gzp,351,Z,5021,38.3282,40
gzp,352,Z,5073,38.7252,40
gzp,353,Z,5033,38.4198,40
gzp,354,Z,5088,38.8397,40
gzp,355,Z,5080,38.7786,40
gzp,356,Z,5096,38.9008,40
gzp,357,Z,4994,38.1221,40
gzp,358,Z,4936,37.6794,40
gzp,359,Z,4930,37.6336,40
gzp,360,Z,4797,36.6183,40
gzp,361,Z,4872,37.1908,40
gzp,362,Z,4854,37.0534,40
gzp,363,Z,4674,35.6794,40
gzp,364,Z,4616,35.2366,40
gzp,365,Z,4616,35.2366,40
gzp,366,Z,4506,34.3969,40
gzp,367,Z,4350,33.2061,40
gzp,368,Z,4380,33.4351,40
gzp,369,Z,4569,34.8779,40
gzp,370,Z,4733,36.1298,40
gzp,371,Z,4861,37.1069,40
gzp,372,Z,4897,37.3817,40
gzp,373,Z,5154,39.3435,40
gzp,374,Z,5065,38.6641,40
gzp,375,Z,5146,39.2824,40
gzp,376,Z,5120,39.0840,40
gzp,377,Z,5072,38.7176,40
gzp,378,Z,4989,38.0840,40
gzp,379,Z,4924,37.5878,40
gzp,380,Z,5070,38.7023,40
gzp,381,Z,4951,37.7939,40
gzp,382,Z,4989,38.0840,40
gzp,383,Z,4991,38.0992,40
gzp,384,Z,4956,37.8321,40
gzp,385,Z,4769,36.4046,40
gzp,386,Z,4672,35.6641,40
gzp,387,Z,4802,36.6565,40
gzp,388,Z,4791,36.5725,40
gzp,389,Z,4584,34.9924,40
gzp,390,Z,4351,33.2137,40
gzp,391,Z,4338,33.1145,40
gzp,392,Z,4646,35.4656,40
gzp,393,Z,4863,37.1221,40
gzp,394,Z,5058,38.6107,40
gzp,395,Z,4997,38.1450,40
gzp,396,Z,5102,38.9466,40
gzp,397,Z,5143,39.2595,40
gzp,398,Z,5189,39.6107,40
gzp,399,Z,5161,39.3969,40
gzp,400,Z,5189,39.6107,40
gzp,401,Z,5075,38.7405,40
gzp,402,Z,4990,38.0916,40
gzp,403,Z,5036,38.4427,40
gzp,404,Z,5030,38.3969,40
gzp,405,Z,5110,39.0076,40
gzp,406,Z,5021,38.3282,40
gzp,407,Z,5140,39.2366,40
gzp,408,Z,5126,39.1298,40
gzp,409,Z,4787,36.5420,40
gzp,410,Z,4859,37.0916,40
gzp,411,Z,4854,37.0534,40
gzp,412,Z,4652,35.5115,40
gzp,413,Z,4688,35.7863,40
gzp,414,Z,4831,36.8779,40
gzp,415,Z,4886,37.2977,40
gzp,416,Z,4879,37.2443,40
gzp,417,Z,5101,38.9389,40
gzp,418,Z,5124,39.1145,40
gzp,419,Z,5203,39.7176,40
gzp,420,Z,5297,40.4351,40
gzp,421,Z,5461,41.6870,40
gzp,422,Z,5262,40.1679,40
gzp,423,Z,4971,37.9466,40
gzp,424,Z,5003,38.1908,40
gzp,425,Z,5015,38.2824,40
gzp,426,Z,5175,39.5038,40
gzp,427,Z,5202,39.7099,40
gzp,428,Z,5129,39.1527,40
gzp,429,Z,5337,40.7405,40
gzp,430,Z,5309,40.5267,40
gzp,431,Z,5331,40.6947,40
gzp,432,Z,4854,37.0534,40
gzp,433,Z,4818,36.7786,40
gzp,434,Z,4921,37.5649,40
gzp,435,Z,4842,36.9618,40
gzp,436,Z,4626,35.3130,40
gzp,437,Z,4603,35.1374,40
gzp,438,Z,4735,36.1450,40
gzp,439,Z,4841,36.9542,40
gzp,440,Z,4851,37.0305,40
gzp,441,Z,4991,38.0992,40
gzp,442,Z,5031,38.4046,40
gzp,443,Z,5074,38.7328,40
gzp,444,Z,4990,38.0916,40
gzp,445,Z,5089,38.8473,40
gzp,446,Z,5152,39.3282,40
gzp,447,Z,5123,39.1069,40
gzp,448,Z,5179,39.5344,40
gzp,449,Z,5294,40.4122,40
gzp,450,Z,5208,39.7557,40
gzp,451,Z,5041,38.4809,40
gzp,452,Z,4963,37.8855,40
gzp,453,Z,4551,34.7405,40
gzp,454,Z,4271,32.6031,40
gzp,455,Z,4200,32.0611,40
gzp,456,Z,3678,28.0763,40
gzp,457,Z,3377,25.7786,40
gzn,1,Z,-1496,-11.4198,40
gzn,2,Z,-1662,-12.6870,40
gzn,3,Z,-2499,-19.0763,40
gzn,4,Z,-3386,-25.8473,40
gzn,5,Z,-4178,-31.8931,40
gzn,6,Z,-4407,-33.6412,40
gzn,7,Z,-4911,-37.4885,40
gzn,8,Z,-4991,-38.0992,40
gzn,9,Z,-4663,-35.5954,40
gzn,10,Z,-2510,-19.1603,40
gzn,11,Z,-2761,-21.0763,40
gzn,12,Z,-4299,-32.8168,40
gzn,13,Z,-4781,-36.4962,40
gzn,14,Z,-5122,-39.0992,40
gzn,15,Z,-5263,-40.1756,40
gzn,16,Z,-5236,-39.9695,40
gzn,17,Z,-5392,-41.1603,40
gzn,18,Z,-5401,-41.2290,40
gzn,19,Z,-5461,-41.6870,40
gzn,20,Z,-5515,-42.0992,40
gzn,21,Z,-5444,-41.5573,40
gzn,22,Z,-5517,-42.1145,40
gzn,23,Z,-5430,-41.4504,40
gzn,24,Z,-5701,-43.5191,40
gzn,25,Z,-5559,-42.4351,40
gzn,26,Z,-5335,-40.7252,40
gzn,27,Z,-5224,-39.8779,40
gzn,28,Z,-5282,-40.3206,40
gzn,29,Z,-5413,-41.3206,40
gzn,30,Z,-5243,-40.0229,40
gzn,31,Z,-5327,-40.6641,40
gzn,32,Z,-4839,-36.9389,40
gzn,33,Z,-4313,-32.9237,40
gzn,34,Z,-4905,-37.4427,40
gzn,35,Z,-5126,-39.1298,40
gzn,36,Z,-5428,-41.4351,40
gzn,37,Z,-5445,-41.5649,40
gzn,38,Z,-5607,-42.8015,40
gzn,39,Z,-5595,-42.7099,40
gzn,40,Z,-5569,-42.5115,40
gzn,41,Z,-5597,-42.7252,40
gzn,42,Z,-5529,-42.2061,40
gzn,43,Z,-5619,-42.8931,40
gzn,44,Z,-5535,-42.2519,40
gzn,45,Z,-5732,-43.7557,40
gzn,46,Z,-5987,-45.7023,40
gzn,47,Z,-6458,-49.2977,40
gzn,48,Z,-6190,-47.2519,40
gzn,49,Z,-5556,-42.4122,40
gzn,50,Z,-5310,-40.5344,40
gzn,51,Z,-5272,-40.2443,40
gzn,52,Z,-5416,-41.3435,40
gzn,53,Z,-5598,-42.7328,40
gzn,54,Z,-5273,-40.2519,40
gzn,55,Z,-4642,-35.4351,40
gzn,56,Z,-4689,-35.7939,40
gzn,57,Z,-5169,-39.4580,40
gzn,58,Z,-5356,-40.8855,40
gzn,59,Z,-5454,-41.6336,40
gzn,60,Z,-5583,-42.6183,40
gzn,61,Z,-5531,-42.2214,40
gzn,62,Z,-5679,-43.3511,40
gzn,63,Z,-6141,-46.8779,40
gzn,64,Z,-6260,-47.7863,40
gzn,65,Z,-5808,-44.3359,40
gzn,66,Z,-5804,-44.3053,40
gzn,67,Z,-5833,-44.5267,40
gzn,68,Z,-5992,-45.7405,40
gzn,69,Z,-6107,-46.6183,40
gzn,70,Z,-5925,-45.2290,40
gzn,71,Z,-5365,-40.9542,40
gzn,72,Z,-5192,-39.6336,40
gzn,73,Z,-5097,-38.9084,40
gzn,74,Z,-4843,-36.9695,40
gzn,75,Z,-4737,-36.1603,40
gzn,76,Z,-4971,-37.9466,40
gzn,77,Z,-5028,-38.3817,40
gzn,78,Z,-5230,-39.9237,40
gzn,79,Z,-5243,-40.0229,40
gzn,80,Z,-5513,-42.0840,40
gzn,81,Z,-5488,-41.8931,40
gzn,82,Z,-5508,-42.0458,40
gzn,83,Z,-5514,-42.0916,40
gzn,84,Z,-5575,-42.5573,40
gzn,85,Z,-5653,-43.1527,40
gzn,86,Z,-5533,-42.2366,40
gzn,87,Z,-5710,-43.5878,40
gzn,88,Z,-5673,-43.3053,40
gzn,89,Z,-5699,-43.5038,40
gzn,90,Z,-5831,-44.5115,40
gzn,91,Z,-6173,-47.1221,40
gzn,92,Z,-6504,-49.6489,40
gzn,93,Z,-6140,-46.8702,40
gzn,94,Z,-5564,-42.4733,40
gzn,95,Z,-5040,-38.4733,40
gzn,96,Z,-4609,-35.1832,40
gzn,97,Z,-4733,-36.1298,40
gzn,98,Z,-5068,-38.6870,40
gzn,99,Z,-5230,-39.9237,40
gzn,100,Z,-5153,-39.3359,40
gzn,101,Z,-5397,-41.1985,40
gzn,102,Z,-5394,-41.1756,40
gzn,103,Z,-5315,-40.5725,40
gzn,104,Z,-5346,-40.8092,40
gzn,105,Z,-5288,-40.3664,40
gzn,106,Z,-5319,-40.6031,40
gzn,107,Z,-5292,-40.3969,40
gzn,108,Z,-5324,-40.6412,40
gzn,109,Z,-5366,-40.9618,40
gzn,110,Z,-5238,-39.9847,40
gzn,111,Z,-5277,-40.2824,40
gzn,112,Z,-5299,-40.4504,40
gzn,113,Z,-5355,-40.8779,40
gzn,114,Z,-5329,-40.6794,40
gzn,115,Z,-5491,-41.9160,40
gzn,116,Z,-5558,-42.4275,40
gzn,117,Z,-5246,-40.0458,40
gzn,118,Z,-4940,-37.7099,40
gzn,119,Z,-4496,-34.3206,40
gzn,120,Z,-4947,-37.7634,40
gzn,121,Z,-4971,-37.9466,40
gzn,122,Z,-5163,-39.4122,40
gzn,123,Z,-5162,-39.4046,40
gzn,124,Z,-5194,-39.6489,40
gzn,125,Z,-5251,-40.0840,40
gzn,126,Z,-5259,-40.1450,40
gzn,127,Z,-5307,-40.5115,40
gzn,128,Z,-5263,-40.1756,40
gzn,129,Z,-5304,-40.4885,40
gzn,130,Z,-5226,-39.8931,40
gzn,131,Z,-5125,-39.1221,40
gzn,132,Z,-5133,-39.1832,40
gzn,133,Z,-5099,-38.9237,40
gzn,134,Z,-5177,-39.5191,40
gzn,135,Z,-5154,-39.3435,40
gzn,136,Z,-5331,-40.6947,40
gzn,137,Z,-5374,-41.0229,40
gzn,138,Z,-5438,-41.5115,40
gzn,139,Z,-5516,-42.1069,40
gzn,140,Z,-5558,-42.4275,40
gzn,141,Z,-5346,-40.8092,40
gzn,142,Z,-5054,-38.5802,40
gzn,143,Z,-5080,-38.7786,40
gzn,144,Z,-5144,-39.2672,40
gzn,145,Z,-5117,-39.0611,40
gzn,146,Z,-4878,-37.2366,40
gzn,147,Z,-4880,-37.2519,40
gzn,148,Z,-5180,-39.5420,40
gzn,149,Z,-5232,-39.9389,40
gzn,150,Z,-5431,-41.4580,40
gzn,151,Z,-5422,-41.3893,40
gzn,152,Z,-5250,-40.0763,40
gzn,153,Z,-5293,-40.4046,40
gzn,154,Z,-5260,-40.1527,40
gzn,155,Z,-5292,-40.3969,40
gzn,156,Z,-5284,-40.3359,40
gzn,157,Z,-5397,-41.1985,40
gzn,158,Z,-5388,-41.1298,40
gzn,159,Z,-5334,-40.7176,40
gzn,160,Z,-5475,-41.7939,40
gzn,161,Z,-5497,-41.9618,40
gzn,162,Z,-5622,-42.9160,40
gzn,163,Z,-5721,-43.6718,40
gzn,164,Z,-5540,-42.2901,40
gzn,165,Z,-5156,-39.3588,40
gzn,166,Z,-4895,-37.3664,40
gzn,167,Z,-5015,-38.2824,40
gzn,168,Z,-5049,-38.5420,40
gzn,169,Z,-4982,-38.0305,40
gzn,170,Z,-5228,-39.9084,40
gzn,171,Z,-5355,-40.8779,40
gzn,172,Z,-5389,-41.1374,40
gzn,173,Z,-5319,-40.6031,40
gzn,174,Z,-5304,-40.4885,40
gzn,175,Z,-5207,-39.7481,40
gzn,176,Z,-5228,-39.9084,40
gzn,177,Z,-5307,-40.5115,40
gzn,178,Z,-5375,-41.0305,40
gzn,179,Z,-5461,-41.6870,40
gzn,180,Z,-5595,-42.7099,40
gzn,181,Z,-5585,-42.6336,40
gzn,182,Z,-5506,-42.0305,40
gzn,183,Z,-5484,-41.8626,40
gzn,184,Z,-5597,-42.7252,40
gzn,185,Z,-5813,-44.3740,40
gzn,186,Z,-5908,-45.0992,40
gzn,187,Z,-5345,-40.8015,40
gzn,188,Z,-4996,-38.1374,40
gzn,189,Z,-4729,-36.0992,40
gzn,190,Z,-4623,-35.2901,40
gzn,191,Z,-4835,-36.9084,40
gzn,192,Z,-5106,-38.9771,40
gzn,193,Z,-5150,-39.3130,40
gzn,194,Z,-5183,-39.5649,40
gzn,195,Z,-5367,-40.9695,40
gzn,196,Z,-5297,-40.4351,40
gzn,197,Z,-5411,-41.3053,40
gzn,198,Z,-5427,-41.4275,40
gzn,199,Z,-5424,-41.4046,40
gzn,200,Z,-5288,-40.3664,40
gzn,201,Z,-5286,-40.3511,40
gzn,202,Z,-5322,-40.6260,40
gzn,203,Z,-5253,-40.0992,40
gzn,204,Z,-5351,-40.8473,40
gzn,205,Z,-5368,-40.9771,40
gzn,206,Z,-5544,-42.3206,40
gzn,207,Z,-5495,-41.9466,40
gzn,208,Z,-5243,-40.0229,40
gzn,209,Z,-4985,-38.0534,40
gzn,210,Z,-4728,-36.0916,40
gzn,211,Z,-5052,-38.5649,40
gzn,212,Z,-5283,-40.3282,40
gzn,213,Z,-5405,-41.2595,40
gzn,214,Z,-5363,-40.9389,40
gzn,215,Z,-5015,-38.2824,40
gzn,216,Z,-5270,-40.2290,40
gzn,217,Z,-5207,-39.7481,40
gzn,218,Z,-5380,-41.0687,40
gzn,219,Z,-5430,-41.4504,40
gzn,220,Z,-5458,-41.6641,40
gzn,221,Z,-5390,-41.1450,40
gzn,222,Z,-5206,-39.7405,40
gzn,223,Z,-5373,-41.0153,40
gzn,224,Z,-5289,-40.3740,40
gzn,225,Z,-5273,-40.2519,40
gzn,226,Z,-5341,-40.7710,40
gzn,227,Z,-5391,-41.1527,40
gzn,228,Z,-5374,-41.0229,40
gzn,229,Z,-5375,-41.0305,40
gzn,230,Z,-5586,-42.6412,40
gzn,231,Z,-5504,-42.0153,40
gzn,232,Z,-5398,-41.2061,40
gzn,233,Z,-5158,-39.3740,40
gzn,234,Z,-5169,-39.4580,40
gzn,235,Z,-5146,-39.2824,40
gzn,236,Z,-5011,-38.2519,40
gzn,237,Z,-5044,-38.5038,40
gzn,238,Z,-4978,-38.0000,40
gzn,239,Z,-5228,-39.9084,40
gzn,240,Z,-5323,-40.6336,40
gzn,241,Z,-5399,-41.2137,40
gzn,242,Z,-5372,-41.0076,40
gzn,243,Z,-5263,-40.1756,40
gzn,244,Z,-5247,-40.0534,40
gzn,245,Z,-5136,-39.2061,40
gzn,246,Z,-5211,-39.7786,40
gzn,247,Z,-5340,-40.7634,40
gzn,248,Z,-5381,-41.0763,40
gzn,249,Z,-5326,-40.6565,40
gzn,250,Z,-5391,-41.1527,40
gzn,251,Z,-5531,-42.2214,40
gzn,252,Z,-5549,-42.3588,40
gzn,253,Z,-5890,-44.9618,40
gzn,254,Z,-6132,-46.8092,40
gzn,255,Z,-5906,-45.0840,40
gzn,256,Z,-5177,-39.5191,40
gzn,257,Z,-5114,-39.0382,40
gzn,258,Z,-5136,-39.2061,40
gzn,259,Z,-4329,-33.0458,40
gzn,260,Z,-3705,-28.2824,40
gzn,261,Z,-4098,-31.2824,40
gzn,262,Z,-4694,-35.8321,40
gzn,263,Z,-5132,-39.1756,40
gzn,264,Z,-5115,-39.0458,40
gzn,265,Z,-5280,-40.3053,40
gzn,266,Z,-5236,-39.9695,40
gzn,267,Z,-5392,-41.1603,40
gzn,268,Z,-5512,-42.0763,40
gzn,269,Z,-5474,-41.7863,40
gzn,270,Z,-5555,-42.4046,40
gzn,271,Z,-5617,-42.8779,40
gzn,272,Z,-5748,-43.8779,40
gzn,273,Z,-5567,-42.4962,40
gzn,274,Z,-5806,-44.3206,40
gzn,275,Z,-5889,-44.9542,40
gzn,276,Z,-6021,-45.9618,40
gzn,277,Z,-6236,-47.6031,40
gzn,278,Z,-5642,-43.0687,40
gzn,279,Z,-5290,-40.3817,40
gzn,280,Z,-5026,-38.3664,40
gzn,281,Z,-4440,-33.8931,40
gzn,282,Z,-4251,-32.4504,40
gzn,283,Z,-4371,-33.3664,40
gzn,284,Z,-4695,-35.8397,40
gzn,285,Z,-4798,-36.6260,40
gzn,286,Z,-5035,-38.4351,40
gzn,287,Z,-5141,-39.2443,40
gzn,288,Z,-5312,-40.5496,40
gzn,289,Z,-5459,-41.6718,40
gzn,290,Z,-5420,-41.3740,40
gzn,291,Z,-5418,-41.3588,40
gzn,292,Z,-5390,-41.1450,40
gzn,293,Z,-5469,-41.7481,40
gzn,294,Z,-5402,-41.2366,40
gzn,295,Z,-5514,-42.0916,40
gzn,296,Z,-5836,-44.5496,40
gzn,297,Z,-6070,-46.3359,40
gzn,298,Z,-5804,-44.3053,40
gzn,299,Z,-5662,-43.2214,40
gzn,300,Z,-5514,-42.0916,40
gzn,301,Z,-4984,-38.0458,40
gzn,302,Z,-5074,-38.7328,40
gzn,303,Z,-5190,-39.6183,40
gzn,304,Z,-4981,-38.0229,40
gzn,305,Z,-4812,-36.7328,40
gzn,306,Z,-4950,-37.7863,40
gzn,307,Z,-5159,-39.3817,40
gzn,308,Z,-5138,-39.2214,40
gzn,309,Z,-5323,-40.6336,40
gzn,310,Z,-5426,-41.4198,40
gzn,311,Z,-5475,-41.7939,40
gzn,312,Z,-5419,-41.3664,40
gzn,313,Z,-5460,-41.6794,40
gzn,314,Z,-5572,-42.5344,40
gzn,315,Z,-5452,-41.6183,40
gzn,316,Z,-5615,-42.8626,40
gzn,317,Z,-5687,-43.4122,40
gzn,318,Z,-5740,-43.8168,40
gzn,319,Z,-5605,-42.7863,40
gzn,320,Z,-5533,-42.2366,40
gzn,321,Z,-5632,-42.9924,40
gzn,322,Z,-5463,-41.7023,40
gzn,323,Z,-5635,-43.0153,40
gzn,324,Z,-5381,-41.0763,40
gzn,325,Z,-5307,-40.5115,40
gzn,326,Z,-5493,-41.9313,40
gzn,327,Z,-5203,-39.7176,40
gzn,328,Z,-5179,-39.5344,40
gzn,329,Z,-5062,-38.6412,40
gzn,330,Z,-5352,-40.8550,40
gzn,331,Z,-5413,-41.3206,40
gzn,332,Z,-5415,-41.3359,40
gzn,333,Z,-5556,-42.4122,40
gzn,334,Z,-5506,-42.0305,40
gzn,335,Z,-5574,-42.5496,40
gzn,336,Z,-5496,-41.9542,40
gzn,337,Z,-5592,-42.6870,40
gzn,338,Z,-5610,-42.8244,40
gzn,339,Z,-5533,-42.2366,40
gzn,340,Z,-5636,-43.0229,40
gzn,341,Z,-5602,-42.7634,40
gzn,342,Z,-5610,-42.8244,40
gzn,343,Z,-5470,-41.7557,40
gzn,344,Z,-5591,-42.6794,40
gzn,345,Z,-5613,-42.8473,40
gzn,346,Z,-5202,-39.7099,40
gzn,347,Z,-5360,-40.9160,40
gzn,348,Z,-5560,-42.4427,40
gzn,349,Z,-5494,-41.9389,40
gzn,350,Z,-5150,-39.3130,40
gzn,351,Z,-5196,-39.6641,40
gzn,352,Z,-5292,-40.3969,40
gzn,353,Z,-5259,-40.1450,40
gzn,354,Z,-5271,-40.2366,40
gzn,355,Z,-5252,-40.0916,40
gzn,356,Z,-5387,-41.1221,40
gzn,357,Z,-5400,-41.2214,40
gzn,358,Z,-5525,-42.1756,40
gzn,359,Z,-5571,-42.5267,40
gzn,360,Z,-5558,-42.4275,40
gzn,361,Z,-5575,-42.5573,40
gzn,362,Z,-5561,-42.4504,40
gzn,363,Z,-5755,-43.9313,40
gzn,364,Z,-5666,-43.2519,40
gzn,365,Z,-5754,-43.9237,40
gzn,366,Z,-5747,-43.8702,40
gzn,367,Z,-5582,-42.6107,40
gzn,368,Z,-5145,-39.2748,40
gzn,369,Z,-5239,-39.9924,40
gzn,370,Z,-5433,-41.4733,40
gzn,371,Z,-5441,-41.5344,40
gzn,372,Z,-5404,-41.2519,40
gzn,373,Z,-4952,-37.8015,40
gzn,374,Z,-4942,-37.7252,40
gzn,375,Z,-5114,-39.0382,40
gzn,376,Z,-5138,-39.2214,40
gzn,377,Z,-5283,-40.3282,40
gzn,378,Z,-5192,-39.6336,40
gzn,379,Z,-5421,-41.3817,40
gzn,380,Z,-5444,-41.5573,40
gzn,381,Z,-5307,-40.5115,40
gzn,382,Z,-5392,-41.1603,40
gzn,383,Z,-5338,-40.7481,40
gzn,384,Z,-5434,-41.4809,40
gzn,385,Z,-5341,-40.7710,40
gzn,386,Z,-5547,-42.3435,40
gzn,387,Z,-5607,-42.8015,40
gzn,388,Z,-5529,-42.2061,40
gzn,389,Z,-5597,-42.7252,40
gzn,390,Z,-5554,-42.3969,40
gzn,391,Z,-5262,-40.1679,40
gzn,392,Z,-5097,-38.9084,40
gzn,393,Z,-5361,-40.9237,40
gzn,394,Z,-5473,-41.7786,40
gzn,395,Z,-5149,-39.3053,40
gzn,396,Z,-5061,-38.6336,40
gzn,397,Z,-5093,-38.8779,40
gzn,398,Z,-5239,-39.9924,40
gzn,399,Z,-5302,-40.4733,40
gzn,400,Z,-5403,-41.2443,40
gzn,401,Z,-5438,-41.5115,40
gzn,402,Z,-5347,-40.8168,40
gzn,403,Z,-5497,-41.9618,40
gzn,404,Z,-5483,-41.8550,40
gzn,405,Z,-5500,-41.9847,40
gzn,406,Z,-5499,-41.9771,40
gzn,407,Z,-5566,-42.4885,40
gzn,408,Z,-5594,-42.7023,40
gzn,409,Z,-5498,-41.9695,40
gzn,410,Z,-5554,-42.3969,40
gzn,411,Z,-5534,-42.2443,40
gzn,412,Z,-5579,-42.5878,40
gzn,413,Z,-5830,-44.5038,40
gzn,414,Z,-5487,-41.8855,40
gzn,415,Z,-5279,-40.2977,40
gzn,416,Z,-5335,-40.7252,40
gzn,417,Z,-5404,-41.2519,40
gzn,418,Z,-5194,-39.6489,40
gzn,419,Z,-4872,-37.1908,40
gzn,420,Z,-5024,-38.3511,40
gzn,421,Z,-5244,-40.0305,40
gzn,422,Z,-5303,-40.4809,40
gzn,423,Z,-5350,-40.8397,40
gzn,424,Z,-5396,-41.1908,40
gzn,425,Z,-5261,-40.1603,40
gzn,426,Z,-5286,-40.3511,40
gzn,427,Z,-5262,-40.1679,40
gzn,428,Z,-5378,-41.0534,40
gzn,429,Z,-5324,-40.6412,40
gzn,430,Z,-5305,-40.4962,40
gzn,431,Z,-5363,-40.9389,40
gzn,432,Z,-5276,-40.2748,40
gzn,433,Z,-5388,-41.1298,40
gzn,434,Z,-5306,-40.5038,40
gzn,435,Z,-5067,-38.6794,40
gzn,436,Z,-5199,-39.6870,40
gzn,437,Z,-5308,-40.5191,40
gzn,438,Z,-5429,-41.4427,40
gzn,439,Z,-5377,-41.0458,40
gzn,440,Z,-5439,-41.5191,40
gzn,441,Z,-5447,-41.5802,40
gzn,442,Z,-5406,-41.2672,40
gzn,443,Z,-5130,-39.1603,40
gzn,444,Z,-5184,-39.5725,40
gzn,445,Z,-5366,-40.9618,40
gzn,446,Z,-5326,-40.6565,40
gzn,447,Z,-5364,-40.9466,40
gzn,448,Z,-5216,-39.8168,40
gzn,449,Z,-5394,-41.1756,40
gzn,450,Z,-5483,-41.8550,40
gzn,451,Z,-5364,-40.9466,40
gzn,452,Z,-5424,-41.4046,40
gzn,453,Z,-5209,-39.7634,40
gzn,454,Z,-4958,-37.8473,40
gzn,455,Z,-4786,-36.5344,40
gzn,456,Z,-4195,-32.0229,40
gzn,457,Z,-3913,-29.8702,40
