id,i,ax,ay,az,gx,gy,gz
axp,1,18294,-30,1448,-3618,-195,20
axp,2,18294,-30,1448,-3618,-195,20
axp,3,18294,-30,1448,-3618,-195,20
axp,4,18214,172,1578,-3613,-188,30
axp,5,18214,172,1578,-3613,-188,30
axp,6,18214,172,1578,-3613,-188,30
axp,7,18300,158,1422,-3616,-195,15
axp,8,18300,158,1422,-3616,-195,15
axp,9,18300,158,1422,-3616,-195,15
axp,10,18300,158,1422,-3616,-195,15
axp,11,18216,56,1618,-3615,-187,36
axp,12,18216,56,1618,-3615,-187,36
axp,13,18216,56,1618,-3615,-187,36
axp,14,18284,-10,1510,-3616,-192,25
axp,15,18284,-10,1510,-3616,-192,25
axp,16,18284,-10,1510,-3616,-192,25
axp,17,18234,150,1604,-3619,-188,34
axp,18,18234,150,1604,-3619,-188,34
axp,19,18234,150,1604,-3619,-188,34
axp,20,18258,114,1474,-3619,-196,30
axp,21,18258,114,1474,-3619,-196,30
axp,22,18258,114,1474,-3619,-196,30
axp,23,18188,78,1648,-3619,-191,38
axp,24,18188,78,1648,-3619,-191,38
axp,25,18188,78,1648,-3619,-191,38
axp,26,18188,78,1648,-3619,-191,38
axp,27,18224,58,1542,-3619,-195,26
axp,28,18224,58,1542,-3619,-195,26
axp,29,18224,58,1542,-3619,-195,26
axp,30,18244,164,1574,-3623,-193,20
axp,31,18244,164,1574,-3623,-193,20
axp,32,18244,164,1574,-3623,-193,20
axp,33,18252,42,1530,-3617,-195,23
axp,34,18252,42,1530,-3617,-195,23
axp,35,18252,42,1530,-3617,-195,23
axp,36,18216,72,1562,-3616,-191,23
axp,37,18216,72,1562,-3616,-191,23
axp,38,18216,72,1562,-3616,-191,23
axp,39,18256,104,1536,-3616,-191,17
axp,40,18256,104,1536,-3616,-191,17
axp,41,18256,104,1536,-3616,-191,17
axp,42,18256,104,1536,-3616,-191,17
axp,43,18236,108,1556,-3613,-192,28
axp,44,18236,108,1556,-3613,-192,28
axp,45,18236,108,1556,-3613,-192,28
axp,46,18234,54,1558,-3615,-195,27
axp,47,18234,54,1558,-3615,-195,27
axp,48,18234,54,1558,-3615,-195,27
axp,49,18232,120,1562,-3618,-191,30
axp,50,18232,120,1562,-3618,-191,30
axp,51,18232,120,1562,-3618,-191,30
axp,52,18240,114,1528,-3617,-194,21
axp,53,18240,114,1528,-3617,-194,21
axp,54,18240,114,1528,-3617,-194,21
axp,55,18228,68,1534,-3613,-190,27
axp,56,18228,68,1534,-3613,-190,27
axp,57,18228,68,1534,-3613,-190,27
axp,58,18228,68,1534,-3613,-190,27
axp,59,18220,54,1556,-3615,-191,29
axp,60,18220,54,1556,-3615,-191,29
axp,61,18220,54,1556,-3615,-191,29
axp,62,18248,128,1500,-3620,-192,28
axp,63,18248,128,1500,-3620,-192,28
axp,64,18248,128,1500,-3620,-192,28
axp,65,18246,78,1560,-3617,-190,30
axp,66,18246,78,1560,-3617,-190,30
axp,67,18246,78,1560,-3617,-190,30
axp,68,18258,70,1540,-3617,-191,33
axp,69,18258,70,1540,-3617,-191,33
axp,70,18258,70,1540,-3617,-191,33
axp,71,18270,118,1514,-3617,-192,32
axp,72,18270,118,1514,-3617,-192,32
axp,73,18270,118,1514,-3617,-192,32
axp,74,18270,118,1514,-3617,-192,32
axp,75,18266,66,1558,-3614,-192,28
axp,76,18266,66,1558,-3614,-192,28
axp,77,18266,66,1558,-3614,-192,28
axp,78,18234,46,1536,-3615,-190,32
axp,79,18234,46,1536,-3615,-190,32
axp,80,18234,46,1536,-3615,-190,32
axp,81,18252,80,1528,-3615,-193,31
axp,82,18252,80,1528,-3615,-193,31
axp,83,18252,80,1528,-3615,-193,31
axp,84,18270,112,1540,-3616,-197,28
axp,85,18270,112,1540,-3616,-197,28
axp,86,18270,112,1540,-3616,-197,28
axp,87,18232,74,1500,-3616,-193,29
axp,88,18232,74,1500,-3616,-193,29
axp,89,18232,74,1500,-3616,-193,29
axp,90,18232,74,1500,-3616,-193,29
axp,91,18262,104,1524,-3617,-193,32
axp,92,18262,104,1524,-3617,-193,32
axp,93,18262,104,1524,-3617,-193,32
axp,94,18238,106,1564,-3615,-191,33
axp,95,18238,106,1564,-3615,-191,33
axp,96,18238,106,1564,-3615,-191,33
axp,97,18240,90,1514,-3618,-188,27
axp,98,18240,90,1514,-3618,-188,27
axp,99,18240,90,1514,-3618,-188,27
axp,100,18266,90,1548,-3611,-189,26
axp,101,18266,90,1548,-3611,-189,26
axp,102,18266,90,1548,-3611,-189,26
axp,103,18242,70,1520,-3610,-190,34
axp,104,18242,70,1520,-3610,-190,34
axp,105,18242,70,1520,-3610,-190,34
axp,106,18242,70,1520,-3610,-190,34
axp,107,18228,76,1538,-3612,-191,36
axp,108,18228,76,1538,-3612,-191,36
axp,109,18228,76,1538,-3612,-191,36
axp,110,18252,80,1564,-3612,-193,29
axp,111,18252,80,1564,-3612,-193,29
axp,112,18252,80,1564,-3612,-193,29
axp,113,18228,88,1564,-3615,-192,31
axp,114,18228,88,1564,-3615,-192,31
axp,115,18228,88,1564,-3615,-192,31
axp,116,18262,80,1550,-3613,-191,31
axp,117,18262,80,1550,-3613,-191,31
axp,118,18262,80,1550,-3613,-191,31
axp,119,18250,94,1542,-3616,-189,33
axp,120,18250,94,1542,-3616,-189,33
axp,121,18250,94,1542,-3616,-189,33
axp,122,18240,90,1530,-3614,-188,30
axp,123,18240,90,1530,-3614,-188,30
axp,124,18240,90,1530,-3614,-188,30
axp,125,18240,90,1530,-3614,-188,30
axp,126,18256,104,1560,-3615,-194,27
axp,127,18256,104,1560,-3615,-194,27
axp,128,18256,104,1560,-3615,-194,27
axp,129,18258,62,1550,-3611,-192,32
axp,130,18258,62,1550,-3611,-192,32
axp,131,18258,62,1550,-3611,-192,32
axp,132,18266,92,1530,-3611,-190,28
axp,133,18266,92,1530,-3611,-190,28
axp,134,18266,92,1530,-3611,-190,28
axp,135,18248,104,1550,-3616,-187,25
axp,136,18248,104,1550,-3616,-187,25
axp,137,18248,104,1550,-3616,-187,25
axp,138,18246,80,1548,-3613,-187,30
axp,139,18246,80,1548,-3613,-187,30
axp,140,18246,80,1548,-3613,-187,30
axp,141,18228,104,1568,-3616,-194,31
axp,142,18228,104,1568,-3616,-194,31
axp,143,18228,104,1568,-3616,-194,31
axp,144,18242,120,1532,-3621,-190,30
axp,145,18242,120,1532,-3621,-190,30
axp,146,18242,120,1532,-3621,-190,30
axp,147,18224,96,1510,-3619,-194,28
axp,148,18224,96,1510,-3619,-194,28
axp,149,18224,96,1510,-3619,-194,28
axp,150,18242,80,1540,-3620,-197,29
axp,151,18242,80,1540,-3620,-197,29
axp,152,18242,80,1540,-3620,-197,29
axp,153,18242,80,1540,-3620,-197,29
axp,154,18224,84,1538,-3616,-193,30
axp,155,18224,84,1538,-3616,-193,30
axp,156,18224,84,1538,-3616,-193,30
axp,157,18248,92,1548,-3612,-190,26
axp,158,18248,92,1548,-3612,-190,26
axp,159,18248,92,1548,-3612,-190,26
axp,160,18270,118,1530,-3615,-190,28
axp,161,18270,118,1530,-3615,-190,28
axp,162,18270,118,1530,-3615,-190,28
axp,163,18282,106,1528,-3616,-190,26
axp,164,18282,106,1528,-3616,-190,26
axp,165,18282,106,1528,-3616,-190,26
axp,166,18256,102,1548,-3617,-187,28
axp,167,18256,102,1548,-3617,-187,28
axp,168,18256,102,1548,-3617,-187,28
axp,169,18258,96,1526,-3615,-186,27
axp,170,18258,96,1526,-3615,-186,27
axp,171,18258,96,1526,-3615,-186,27
axp,172,18232,110,1522,-3618,-187,29
axp,173,18232,110,1522,-3618,-187,29
axp,174,18232,110,1522,-3618,-187,29
axp,175,18252,134,1522,-3619,-188,29
axp,176,18252,134,1522,-3619,-188,29
axp,177,18252,134,1522,-3619,-188,29
axp,178,18242,106,1578,-3617,-187,33
axp,179,18242,106,1578,-3617,-187,33
axp,180,18242,106,1578,-3617,-187,33
axp,181,18242,106,1578,-3617,-187,33
axp,182,18248,82,1560,-3619,-187,36
axp,183,18248,82,1560,-3619,-187,36
axp,184,18248,82,1560,-3619,-187,36
axp,185,18266,114,1506,-3611,-191,34
axp,186,18266,114,1506,-3611,-191,34
axp,187,18266,114,1506,-3611,-191,34
axp,188,18226,78,1524,-3607,-192,29
axp,189,18226,78,1524,-3607,-192,29
axp,190,18226,78,1524,-3607,-192,29
axp,191,18256,104,1560,-3608,-192,32
axp,192,18256,104,1560,-3608,-192,32
axp,193,18256,104,1560,-3608,-192,32
axp,194,18226,102,1588,-3614,-189,26
axp,195,18226,102,1588,-3614,-189,26
axp,196,18226,102,1588,-3614,-189,26
axp,197,18246,114,1566,-3614,-187,25
axp,198,18246,114,1566,-3614,-187,25
axp,199,18246,114,1566,-3614,-187,25
axp,200,18266,110,1600,-3617,-191,27
axp,201,18266,110,1600,-3617,-191,27
axp,202,18266,110,1600,-3617,-191,27
axp,203,18250,102,1570,-3615,-189,31
axp,204,18250,102,1570,-3615,-189,31
axp,205,18250,102,1570,-3615,-189,31
axp,206,18244,88,1572,-3618,-192,34
axp,207,18244,88,1572,-3618,-192,34
axp,208,18244,88,1572,-3618,-192,34
axp,209,18274,98,1602,-3616,-193,36
axp,210,18274,98,1602,-3616,-193,36
axp,211,18274,98,1602,-3616,-193,36
axp,212,18274,98,1602,-3616,-193,36
axp,213,18278,112,1538,-3613,-190,36
axp,214,18278,112,1538,-3613,-190,36
axp,215,18278,112,1538,-3613,-190,36
axp,216,18262,110,1570,-3616,-191,33
axp,217,18262,110,1570,-3616,-191,33
axp,218,18262,110,1570,-3616,-191,33
axp,219,18258,104,1542,-3615,-188,28
axp,220,18258,104,1542,-3615,-188,28
axp,221,18258,104,1542,-3615,-188,28
axp,222,18254,104,1500,-3616,-187,27
axp,223,18254,104,1500,-3616,-187,27
axp,224,18254,104,1500,-3616,-187,27
axp,225,18256,90,1526,-3618,-187,26
axp,226,18256,90,1526,-3618,-187,26
axp,227,18256,90,1526,-3618,-187,26
axp,228,18260,38,1554,-3620,-191,27
axp,229,18260,38,1554,-3620,-191,27
axp,230,18260,38,1554,-3620,-191,27
axp,231,18254,80,1522,-3613,-189,28
axp,232,18254,80,1522,-3613,-189,28
axp,233,18254,80,1522,-3613,-189,28
axp,234,18232,80,1504,-3611,-193,33
axp,235,18232,80,1504,-3611,-193,33
axp,236,18232,80,1504,-3611,-193,33
axp,237,18228,84,1534,-3610,-193,23
axp,238,18228,84,1534,-3610,-193,23
axp,239,18228,84,1534,-3610,-193,23
axp,240,18228,84,1534,-3610,-193,23
axp,241,18234,136,1544,-3618,-192,21
axp,242,18234,136,1544,-3618,-192,21
axp,243,18234,136,1544,-3618,-192,21
axp,244,18264,112,1530,-3620,-191,32
axp,245,18264,112,1530,-3620,-191,32
axp,246,18264,112,1530,-3620,-191,32
axp,247,18274,102,1606,-3613,-191,28
axp,248,18274,102,1606,-3613,-191,28
axp,249,18274,102,1606,-3613,-191,28
axp,250,18250,130,1538,-3612,-192,33
axp,251,18250,130,1538,-3612,-192,33
axp,252,18250,130,1538,-3612,-192,33
axp,253,18264,96,1538,-3616,-190,28
axp,254,18264,96,1538,-3616,-190,28
axp,255,18264,96,1538,-3616,-190,28
axp,256,18280,108,1554,-3617,-192,24
axp,257,18280,108,1554,-3617,-192,24
axp,258,18280,108,1554,-3617,-192,24
axp,259,18266,86,1536,-3618,-191,26
axp,260,18266,86,1536,-3618,-191,26
axp,261,18266,86,1536,-3618,-191,26
axp,262,18254,90,1564,-3617,-190,31
axp,263,18254,90,1564,-3617,-190,31
axp,264,18254,90,1564,-3617,-190,31
axp,265,18250,88,1544,-3617,-191,34
axp,266,18250,88,1544,-3617,-191,34
axp,267,18250,88,1544,-3617,-191,34
axp,268,18250,88,1544,-3617,-191,34
axp,269,18258,92,1578,-3616,-191,35
axp,270,18258,92,1578,-3616,-191,35
axp,271,18258,92,1578,-3616,-191,35
axp,272,18250,110,1512,-3619,-196,36
axp,273,18250,110,1512,-3619,-196,36
axp,274,18250,110,1512,-3619,-196,36
axp,275,18212,110,1546,-3617,-192,28
axp,276,18212,110,1546,-3617,-192,28
axp,277,18212,110,1546,-3617,-192,28
axp,278,18266,112,1564,-3616,-192,24
axp,279,18266,112,1564,-3616,-192,24
axp,280,18266,112,1564,-3616,-192,24
axp,281,18254,86,1538,-3613,-191,29
axp,282,18254,86,1538,-3613,-191,29
axp,283,18254,86,1538,-3613,-191,29
axp,284,18280,76,1564,-3614,-191,31
axp,285,18280,76,1564,-3614,-191,31
axp,286,18280,76,1564,-3614,-191,31
axp,287,18288,80,1562,-3614,-193,33
axp,288,18288,80,1562,-3614,-193,33
axp,289,18288,80,1562,-3614,-193,33
axp,290,18246,92,1524,-3615,-193,31
axp,291,18246,92,1524,-3615,-193,31
axp,292,18246,92,1524,-3615,-193,31
axp,293,18246,92,1524,-3615,-193,31
axp,294,18234,74,1516,-3612,-190,23
axp,295,18234,74,1516,-3612,-190,23
axp,296,18234,74,1516,-3612,-190,23
axp,297,18238,90,1568,-3613,-189,24
axp,298,18238,90,1568,-3613,-189,24
axp,299,18238,90,1568,-3613,-189,24
axp,300,18228,80,1538,-3616,-193,29
axn,1,-14564,-180,-110,-3619,-192,34
axn,2,-14564,-180,-110,-3619,-192,34
axn,3,-14696,-306,-206,-3616,-190,34
axn,4,-14696,-306,-206,-3616,-190,34
axn,5,-14696,-306,-206,-3616,-190,34
axn,6,-14564,-302,-60,-3615,-187,25
axn,7,-14564,-302,-60,-3615,-187,25
axn,8,-14564,-302,-60,-3615,-187,25
axn,9,-14642,-222,-122,-3611,-198,42
axn,10,-14642,-222,-122,-3611,-198,42
axn,11,-14642,-222,-122,-3611,-198,42
axn,12,-14648,-282,-178,-3612,-192,29
axn,13,-14648,-282,-178,-3612,-192,29
axn,14,-14648,-282,-178,-3612,-192,29
axn,15,-14584,-286,-70,-3614,-190,25
axn,16,-14584,-286,-70,-3614,-190,25
axn,17,-14584,-286,-70,-3614,-190,25
axn,18,-14650,-262,-196,-3618,-199,37
axn,19,-14650,-262,-196,-3618,-199,37
axn,20,-14650,-262,-196,-3618,-199,37
axn,21,-14644,-170,-106,-3622,-195,31
axn,22,-14644,-170,-106,-3622,-195,31
axn,23,-14644,-170,-106,-3622,-195,31
axn,24,-14628,-338,-166,-3624,-195,33
axn,25,-14628,-338,-166,-3624,-195,33
axn,26,-14628,-338,-166,-3624,-195,33
axn,27,-14630,-214,-130,-3622,-197,31
axn,28,-14630,-214,-130,-3622,-197,31
axn,29,-14630,-214,-130,-3622,-197,31
axn,30,-14630,-226,-200,-3619,-196,25
axn,31,-14630,-226,-200,-3619,-196,25
axn,32,-14630,-226,-200,-3619,-196,25
axn,33,-14608,-292,-104,-3618,-195,30
axn,34,-14608,-292,-104,-3618,-195,30
axn,35,-14608,-292,-104,-3618,-195,30
axn,36,-14600,-220,-100,-3619,-193,31
axn,37,-14600,-220,-100,-3619,-193,31
axn,38,-14600,-220,-100,-3619,-193,31
axn,39,-14630,-252,-166,-3621,-196,29
axn,40,-14630,-252,-166,-3621,-196,29
axn,41,-14630,-252,-166,-3621,-196,29
axn,42,-14600,-244,-78,-3623,-194,28
axn,43,-14600,-244,-78,-3623,-194,28
axn,44,-14600,-244,-78,-3623,-194,28
axn,45,-14644,-260,-132,-3623,-194,33
axn,46,-14644,-260,-132,-3623,-194,33
axn,47,-14644,-260,-132,-3623,-194,33
axn,48,-14630,-228,-100,-3619,-193,24
axn,49,-14630,-228,-100,-3619,-193,24
axn,50,-14630,-228,-100,-3619,-193,24
axn,51,-14626,-262,-92,-3616,-191,26
axn,52,-14626,-262,-92,-3616,-191,26
axn,53,-14626,-262,-92,-3616,-191,26
axn,54,-14648,-240,-144,-3618,-195,36
axn,55,-14648,-240,-144,-3618,-195,36
axn,56,-14648,-240,-144,-3618,-195,36
axn,57,-14602,-236,-114,-3616,-194,32
axn,58,-14602,-236,-114,-3616,-194,32
axn,59,-14602,-236,-114,-3616,-194,32
axn,60,-14604,-264,-100,-3620,-195,31
axn,61,-14604,-264,-100,-3620,-195,31
axn,62,-14604,-264,-100,-3620,-195,31
axn,63,-14598,-248,-136,-3622,-194,33
axn,64,-14598,-248,-136,-3622,-194,33
axn,65,-14598,-248,-136,-3622,-194,33
axn,66,-14620,-260,-148,-3621,-197,28
axn,67,-14620,-260,-148,-3621,-197,28
axn,68,-14620,-260,-148,-3621,-197,28
axn,69,-14616,-244,-104,-3618,-191,23
axn,70,-14616,-244,-104,-3618,-191,23
axn,71,-14616,-244,-104,-3618,-191,23
axn,72,-14614,-268,-78,-3621,-189,32
axn,73,-14614,-268,-78,-3621,-189,32
axn,74,-14614,-268,-78,-3621,-189,32
axn,75,-14656,-242,-96,-3625,-188,30
axn,76,-14656,-242,-96,-3625,-188,30
axn,77,-14656,-242,-96,-3625,-188,30
axn,78,-14608,-246,-102,-3622,-189,27
axn,79,-14608,-246,-102,-3622,-189,27
axn,80,-14608,-246,-102,-3622,-189,27
axn,81,-14632,-240,-184,-3621,-194,31
axn,82,-14632,-240,-184,-3621,-194,31
axn,83,-14632,-240,-184,-3621,-194,31
axn,84,-14648,-238,-146,-3624,-197,30
axn,85,-14648,-238,-146,-3624,-197,30
axn,86,-14648,-238,-146,-3624,-197,30
axn,87,-14648,-244,-160,-3624,-195,30
axn,88,-14648,-244,-160,-3624,-195,30
axn,89,-14648,-244,-160,-3624,-195,30
axn,90,-14634,-272,-116,-3622,-193,38
axn,91,-14634,-272,-116,-3622,-193,38
axn,92,-14634,-272,-116,-3622,-193,38
axn,93,-14618,-250,-172,-3620,-193,29
axn,94,-14618,-250,-172,-3620,-193,29
axn,95,-14618,-250,-172,-3620,-193,29
axn,96,-14614,-214,-98,-3618,-193,21
axn,97,-14614,-214,-98,-3618,-193,21
axn,98,-14614,-214,-98,-3618,-193,21
axn,99,-14598,-224,-128,-3619,-194,30
axn,100,-14598,-224,-128,-3619,-194,30
axn,101,-14598,-224,-128,-3619,-194,30
axn,102,-14628,-240,-136,-3618,-196,29
axn,103,-14628,-240,-136,-3618,-196,29
axn,104,-14628,-240,-136,-3618,-196,29
axn,105,-14630,-240,-162,-3623,-196,29
axn,106,-14630,-240,-162,-3623,-196,29
axn,107,-14630,-240,-162,-3623,-196,29
axn,108,-14626,-262,-142,-3619,-193,24
axn,109,-14626,-262,-142,-3619,-193,24
axn,110,-14626,-262,-142,-3619,-193,24
axn,111,-14592,-258,-138,-3618,-195,20
axn,112,-14592,-258,-138,-3618,-195,20
axn,113,-14592,-258,-138,-3618,-195,20
axn,114,-14620,-282,-76,-3619,-192,24
axn,115,-14620,-282,-76,-3619,-192,24
axn,116,-14620,-282,-76,-3619,-192,24
axn,117,-14624,-276,-68,-3617,-189,23
axn,118,-14624,-276,-68,-3617,-189,23
axn,119,-14624,-276,-68,-3617,-189,23
axn,120,-14626,-238,-70,-3620,-192,27
axn,121,-14626,-238,-70,-3620,-192,27
axn,122,-14626,-238,-70,-3620,-192,27
axn,123,-14608,-248,-94,-3620,-191,28
axn,124,-14608,-248,-94,-3620,-191,28
axn,125,-14608,-248,-94,-3620,-191,28
axn,126,-14636,-234,-122,-3623,-189,24
axn,127,-14636,-234,-122,-3623,-189,24
axn,128,-14636,-234,-122,-3623,-189,24
axn,129,-14630,-252,-134,-3617,-191,32
axn,130,-14630,-252,-134,-3617,-191,32
axn,131,-14630,-252,-134,-3617,-191,32
axn,132,-14612,-220,-114,-3621,-189,25
axn,133,-14612,-220,-114,-3621,-189,25
axn,134,-14612,-220,-114,-3621,-189,25
axn,135,-14610,-258,-146,-3622,-192,27
axn,136,-14610,-258,-146,-3622,-192,27
axn,137,-14610,-258,-146,-3622,-192,27
axn,138,-14602,-238,-110,-3621,-191,34
axn,139,-14602,-238,-110,-3621,-191,34
axn,140,-14616,-254,-114,-3625,-192,33
axn,141,-14616,-254,-114,-3625,-192,33
axn,142,-14616,-254,-114,-3625,-192,33
axn,143,-14632,-288,-106,-3622,-190,29
axn,144,-14632,-288,-106,-3622,-190,29
axn,145,-14632,-288,-106,-3622,-190,29
axn,146,-14640,-252,-118,-3622,-192,32
axn,147,-14640,-252,-118,-3622,-192,32
axn,148,-14640,-252,-118,-3622,-192,32
axn,149,-14592,-258,-138,-3623,-191,30
axn,150,-14592,-258,-138,-3623,-191,30
axn,151,-14592,-258,-138,-3623,-191,30
axn,152,-14600,-238,-88,-3620,-190,24
axn,153,-14600,-238,-88,-3620,-190,24
axn,154,-14600,-238,-88,-3620,-190,24
axn,155,-14618,-232,-118,-3620,-192,22
axn,156,-14618,-232,-118,-3620,-192,22
axn,157,-14618,-232,-118,-3620,-192,22
axn,158,-14632,-246,-160,-3622,-190,25
axn,159,-14632,-246,-160,-3622,-190,25
axn,160,-14632,-246,-160,-3622,-190,25
axn,161,-14622,-238,-158,-3626,-192,28
axn,162,-14622,-238,-158,-3626,-192,28
axn,163,-14622,-238,-158,-3626,-192,28
axn,164,-14624,-232,-128,-3621,-189,31
axn,165,-14624,-232,-128,-3621,-189,31
axn,166,-14624,-232,-128,-3621,-189,31
axn,167,-14640,-268,-146,-3618,-187,33
axn,168,-14640,-268,-146,-3618,-187,33
axn,169,-14640,-268,-146,-3618,-187,33
axn,170,-14628,-270,-90,-3618,-189,33
axn,171,-14628,-270,-90,-3618,-189,33
axn,172,-14628,-270,-90,-3618,-189,33
axn,173,-14608,-254,-130,-3617,-185,34
axn,174,-14608,-254,-130,-3617,-185,34
axn,175,-14608,-254,-130,-3617,-185,34
axn,176,-14634,-262,-162,-3619,-187,36
axn,177,-14634,-262,-162,-3619,-187,36
axn,178,-14634,-262,-162,-3619,-187,36
axn,179,-14576,-234,-156,-3618,-187,29
axn,180,-14576,-234,-156,-3618,-187,29
axn,181,-14642,-244,-140,-3620,-189,31
axn,182,-14642,-244,-140,-3620,-189,31
axn,183,-14642,-244,-140,-3620,-189,31
axn,184,-14586,-252,-152,-3622,-195,29
axn,185,-14586,-252,-152,-3622,-195,29
axn,186,-14586,-252,-152,-3622,-195,29
axn,187,-14608,-264,-114,-3618,-193,24
axn,188,-14608,-264,-114,-3618,-193,24
axn,189,-14608,-264,-114,-3618,-193,24
axn,190,-14622,-306,-134,-3622,-193,29
axn,191,-14622,-306,-134,-3622,-193,29
axn,192,-14622,-306,-134,-3622,-193,29
axn,193,-14664,-260,-126,-3620,-192,36
axn,194,-14664,-260,-126,-3620,-192,36
axn,195,-14664,-260,-126,-3620,-192,36
axn,196,-14622,-246,-146,-3616,-192,31
axn,197,-14622,-246,-146,-3616,-192,31
axn,198,-14622,-246,-146,-3616,-192,31
axn,199,-14646,-232,-120,-3620,-192,28
axn,200,-14646,-232,-120,-3620,-192,28
axn,201,-14646,-232,-120,-3620,-192,28
axn,202,-14634,-246,-124,-3620,-195,31
axn,203,-14634,-246,-124,-3620,-195,31
axn,204,-14634,-246,-124,-3620,-195,31
axn,205,-14646,-286,-178,-3622,-193,31
axn,206,-14646,-286,-178,-3622,-193,31
axn,207,-14646,-286,-178,-3622,-193,31
axn,208,-14622,-246,-144,-3619,-191,33
axn,209,-14622,-246,-144,-3619,-191,33
axn,210,-14622,-246,-144,-3619,-191,33
axn,211,-14636,-258,-104,-3623,-190,32
axn,212,-14636,-258,-104,-3623,-190,32
axn,213,-14636,-258,-104,-3623,-190,32
axn,214,-14626,-278,-132,-3622,-194,28
axn,215,-14626,-278,-132,-3622,-194,28
axn,216,-14626,-278,-132,-3622,-194,28
axn,217,-14622,-268,-112,-3622,-194,29
axn,218,-14622,-268,-112,-3622,-194,29
axn,219,-14636,-238,-124,-3620,-192,24
axn,220,-14636,-238,-124,-3620,-192,24
axn,221,-14636,-238,-124,-3620,-192,24
axn,222,-14642,-222,-100,-3622,-193,26
axn,223,-14642,-222,-100,-3622,-193,26
axn,224,-14642,-222,-100,-3622,-193,26
axn,225,-14636,-262,-130,-3620,-193,26
axn,226,-14636,-262,-130,-3620,-193,26
axn,227,-14636,-262,-130,-3620,-193,26
axn,228,-14624,-236,-98,-3623,-190,33
axn,229,-14624,-236,-98,-3623,-190,33
axn,230,-14624,-236,-98,-3623,-190,33
axn,231,-14646,-258,-132,-3622,-189,37
axn,232,-14646,-258,-132,-3622,-189,37
axn,233,-14646,-258,-132,-3622,-189,37
axn,234,-14634,-240,-100,-3621,-193,27
axn,235,-14634,-240,-100,-3621,-193,27
axn,236,-14634,-240,-100,-3621,-193,27
axn,237,-14594,-278,-122,-3619,-193,21
axn,238,-14594,-278,-122,-3619,-193,21
axn,239,-14594,-278,-122,-3619,-193,21
axn,240,-14602,-246,-130,-3617,-191,24
axn,241,-14602,-246,-130,-3617,-191,24
axn,242,-14602,-246,-130,-3617,-191,24
axn,243,-14622,-244,-98,-3620,-190,22
axn,244,-14622,-244,-98,-3620,-190,22
axn,245,-14622,-244,-98,-3620,-190,22
axn,246,-14660,-242,-72,-3621,-192,22
axn,247,-14660,-242,-72,-3621,-192,22
axn,248,-14660,-242,-72,-3621,-192,22
axn,249,-14644,-258,-116,-3626,-192,23
axn,250,-14644,-258,-116,-3626,-192,23
axn,251,-14644,-258,-116,-3626,-192,23
axn,252,-14638,-248,-128,-3623,-190,28
axn,253,-14638,-248,-128,-3623,-190,28
axn,254,-14638,-248,-128,-3623,-190,28
axn,255,-14608,-266,-128,-3622,-193,25
axn,256,-14608,-266,-128,-3622,-193,25
axn,257,-14608,-266,-128,-3622,-193,25
axn,258,-14618,-262,-160,-3622,-195,26
axn,259,-14618,-262,-160,-3622,-195,26
axn,260,-14618,-262,-160,-3622,-195,26
axn,261,-14610,-266,-138,-3621,-191,27
axn,262,-14610,-266,-138,-3621,-191,27
axn,263,-14622,-246,-104,-3620,-193,19
axn,264,-14622,-246,-104,-3620,-193,19
axn,265,-14622,-246,-104,-3620,-193,19
axn,266,-14636,-268,-122,-3620,-196,28
axn,267,-14636,-268,-122,-3620,-196,28
axn,268,-14636,-268,-122,-3620,-196,28
axn,269,-14610,-280,-118,-3623,-194,25
axn,270,-14610,-280,-118,-3623,-194,25
axn,271,-14610,-280,-118,-3623,-194,25
axn,272,-14606,-262,-116,-3619,-195,27
axn,273,-14606,-262,-116,-3619,-195,27
axn,274,-14606,-262,-116,-3619,-195,27
axn,275,-14616,-250,-142,-3621,-194,25
axn,276,-14616,-250,-142,-3621,-194,25
axn,277,-14616,-250,-142,-3621,-194,25
axn,278,-14602,-268,-116,-3619,-191,30
axn,279,-14602,-268,-116,-3619,-191,30
axn,280,-14602,-268,-116,-3619,-191,30
axn,281,-14622,-258,-144,-3618,-189,29
axn,282,-14622,-258,-144,-3618,-189,29
axn,283,-14622,-258,-144,-3618,-189,29
axn,284,-14600,-284,-142,-3618,-187,24
axn,285,-14600,-284,-142,-3618,-187,24
axn,286,-14600,-284,-142,-3618,-187,24
axn,287,-14588,-278,-164,-3621,-186,32
axn,288,-14588,-278,-164,-3621,-186,32
axn,289,-14588,-278,-164,-3621,-186,32
axn,290,-14622,-228,-96,-3621,-192,34
axn,291,-14622,-228,-96,-3621,-192,34
axn,292,-14622,-228,-96,-3621,-192,34
axn,293,-14640,-250,-88,-3621,-196,33
axn,294,-14640,-250,-88,-3621,-196,33
axn,295,-14640,-250,-88,-3621,-196,33
axn,296,-14670,-244,-118,-3621,-192,30
axn,297,-14670,-244,-118,-3621,-192,30
axn,298,-14670,-244,-118,-3621,-192,30
axn,299,-14664,-200,-90,-3620,-187,32
axn,300,-14664,-200,-90,-3620,-187,32
ayp,1,2024,16142,22,-3617,-202,27
ayp,2,2024,16142,22,-3617,-202,27
ayp,3,2024,16142,22,-3617,-202,27
ayp,4,2024,16142,22,-3617,-202,27
ayp,5,1972,16448,-478,-3617,-172,43
ayp,6,1972,16448,-478,-3617,-172,43
ayp,7,1972,16448,-478,-3617,-172,43
ayp,8,2008,16202,-122,-3620,-205,34
ayp,9,2008,16202,-122,-3620,-205,34
ayp,10,2008,16202,-122,-3620,-205,34
ayp,11,2040,16326,-280,-3618,-185,34
ayp,12,2040,16326,-280,-3618,-185,34
ayp,13,2040,16326,-280,-3618,-185,34
ayp,14,1984,16318,-336,-3619,-189,32
ayp,15,1984,16318,-336,-3619,-189,32
ayp,16,1984,16318,-336,-3619,-189,32
ayp,17,1992,16228,-158,-3622,-193,29
ayp,18,1992,16228,-158,-3622,-193,29
ayp,19,1992,16228,-158,-3622,-193,29
ayp,20,1950,16352,-448,-3623,-183,28
ayp,21,1950,16352,-448,-3623,-183,28
ayp,22,1950,16352,-448,-3623,-183,28
ayp,23,2002,16212,-150,-3620,-199,22
ayp,24,2002,16212,-150,-3620,-199,22
ayp,25,2002,16212,-150,-3620,-199,22
ayp,26,2002,16212,-150,-3620,-199,22
ayp,27,1976,16312,-318,-3618,-185,33
ayp,28,1976,16312,-318,-3618,-185,33
ayp,29,1976,16312,-318,-3618,-185,33
ayp,30,1948,16300,-230,-3616,-191,32
ayp,31,1948,16300,-230,-3616,-191,32
ayp,32,1948,16300,-230,-3616,-191,32
ayp,33,1966,16282,-210,-3616,-190,31
ayp,34,1966,16282,-210,-3616,-190,31
ayp,35,1966,16282,-210,-3616,-190,31
ayp,36,1960,16308,-296,-3621,-186,27
ayp,37,1960,16308,-296,-3621,-186,27
ayp,38,1960,16308,-296,-3621,-186,27
ayp,39,1994,16252,-204,-3617,-188,31
ayp,40,1994,16252,-204,-3617,-188,31
ayp,41,1994,16252,-204,-3617,-188,31
ayp,42,1964,16334,-296,-3617,-183,34
ayp,43,1964,16334,-296,-3617,-183,34
ayp,44,1964,16334,-296,-3617,-183,34
ayp,45,1990,16280,-230,-3617,-187,35
ayp,46,1990,16280,-230,-3617,-187,35
ayp,47,1990,16280,-230,-3617,-187,35
ayp,48,2004,16312,-314,-3623,-187,25
ayp,49,2004,16312,-314,-3623,-187,25
ayp,50,2004,16312,-314,-3623,-187,25
ayp,51,1968,16282,-302,-3617,-190,28
ayp,52,1968,16282,-302,-3617,-190,28
ayp,53,1968,16282,-302,-3617,-190,28
ayp,54,2030,16282,-232,-3614,-193,34
ayp,55,2030,16282,-232,-3614,-193,34
ayp,56,2030,16282,-232,-3614,-193,34
ayp,57,1980,16338,-316,-3620,-189,29
ayp,58,1980,16338,-316,-3620,-189,29
ayp,59,1980,16338,-316,-3620,-189,29
ayp,60,1980,16284,-242,-3622,-194,28
ayp,61,1980,16284,-242,-3622,-194,28
ayp,62,1980,16284,-242,-3622,-194,28
ayp,63,1982,16292,-258,-3620,-188,31
ayp,64,1982,16292,-258,-3620,-188,31
ayp,65,1982,16292,-258,-3620,-188,31
ayp,66,1990,16280,-238,-3621,-191,35
ayp,67,1990,16280,-238,-3621,-191,35
ayp,68,1990,16280,-238,-3621,-191,35
ayp,69,1990,16280,-238,-3621,-191,35
ayp,70,2014,16276,-216,-3618,-194,31
ayp,71,2014,16276,-216,-3618,-194,31
ayp,72,2014,16276,-216,-3618,-194,31
ayp,73,1982,16288,-262,-3619,-190,31
ayp,74,1982,16288,-262,-3619,-190,31
ayp,75,1982,16288,-262,-3619,-190,31
ayp,76,1998,16294,-298,-3617,-191,25
ayp,77,1998,16294,-298,-3617,-191,25
ayp,78,1998,16294,-298,-3617,-191,25
ayp,79,1980,16286,-278,-3616,-190,32
ayp,80,1980,16286,-278,-3616,-190,32
ayp,81,1980,16286,-278,-3616,-190,32
ayp,82,1956,16280,-270,-3617,-193,31
ayp,83,1956,16280,-270,-3617,-193,31
ayp,84,1956,16280,-270,-3617,-193,31
ayp,85,1990,16272,-214,-3619,-193,26
ayp,86,1990,16272,-214,-3619,-193,26
ayp,87,1990,16272,-214,-3619,-193,26
ayp,88,1966,16286,-262,-3616,-193,32
ayp,89,1966,16286,-262,-3616,-193,32
ayp,90,1966,16286,-262,-3616,-193,32
ayp,91,1948,16310,-272,-3616,-189,32
ayp,92,1948,16310,-272,-3616,-189,32
ayp,93,1948,16310,-272,-3616,-189,32
ayp,94,1994,16296,-260,-3615,-191,33
ayp,95,1994,16296,-260,-3615,-191,33
ayp,96,1994,16296,-260,-3615,-191,33
ayp,97,1982,16262,-234,-3618,-191,25
ayp,98,1982,16262,-234,-3618,-191,25
ayp,99,1982,16262,-234,-3618,-191,25
ayp,100,1960,16280,-306,-3621,-191,31
ayp,101,1960,16280,-306,-3621,-191,31
ayp,102,1960,16280,-306,-3621,-191,31
ayp,103,1958,16282,-238,-3619,-194,28
ayp,104,1958,16282,-238,-3619,-194,28
ayp,105,1958,16282,-238,-3619,-194,28
ayp,106,1974,16322,-280,-3614,-191,28
ayp,107,1974,16322,-280,-3614,-191,28
ayp,108,1974,16322,-280,-3614,-191,28
ayp,109,1964,16296,-300,-3615,-190,33
ayp,110,1964,16296,-300,-3615,-190,33
ayp,111,1964,16296,-300,-3615,-190,33
ayp,112,1964,16268,-292,-3617,-190,33
ayp,113,1964,16268,-292,-3617,-190,33
ayp,114,1964,16268,-292,-3617,-190,33
ayp,115,1942,16306,-268,-3615,-196,32
ayp,116,1942,16306,-268,-3615,-196,32
ayp,117,1942,16306,-268,-3615,-196,32
ayp,118,1958,16290,-274,-3617,-191,32
ayp,119,1958,16290,-274,-3617,-191,32
ayp,120,1958,16290,-274,-3617,-191,32
ayp,121,1950,16296,-254,-3616,-193,36
ayp,122,1950,16296,-254,-3616,-193,36
ayp,123,1950,16296,-254,-3616,-193,36
ayp,124,1966,16274,-280,-3613,-189,29
ayp,125,1966,16274,-280,-3613,-189,29
ayp,126,1966,16274,-280,-3613,-189,29
ayp,127,1994,16264,-280,-3614,-188,32
ayp,128,1994,16264,-280,-3614,-188,32
ayp,129,1994,16264,-280,-3614,-188,32
ayp,130,1982,16294,-276,-3618,-189,25
ayp,131,1982,16294,-276,-3618,-189,25
ayp,132,1982,16294,-276,-3618,-189,25
ayp,133,1988,16294,-274,-3618,-189,21
ayp,134,1988,16294,-274,-3618,-189,21
ayp,135,1988,16294,-274,-3618,-189,21
ayp,136,2004,16286,-244,-3616,-188,26
ayp,137,2004,16286,-244,-3616,-188,26
ayp,138,2004,16286,-244,-3616,-188,26
ayp,139,1978,16278,-274,-3618,-184,24
ayp,140,1978,16278,-274,-3618,-184,24
ayp,141,1978,16278,-274,-3618,-184,24
ayp,142,1956,16308,-268,-3619,-189,31
ayp,143,1956,16308,-268,-3619,-189,31
ayp,144,1956,16308,-268,-3619,-189,31
ayp,145,1978,16266,-302,-3617,-191,31
ayp,146,1978,16266,-302,-3617,-191,31
ayp,147,1978,16266,-302,-3617,-191,31
ayp,148,1968,16316,-266,-3617,-192,27
ayp,149,1968,16316,-266,-3617,-192,27
ayp,150,1968,16316,-266,-3617,-192,27
ayp,151,1968,16304,-260,-3617,-195,25
ayp,152,1968,16304,-260,-3617,-195,25
ayp,153,1968,16304,-260,-3617,-195,25
ayp,154,1954,16282,-274,-3615,-193,29
ayp,155,1954,16282,-274,-3615,-193,29
ayp,156,1954,16282,-274,-3615,-193,29
ayp,157,1978,16286,-264,-3616,-190,30
ayp,158,1978,16286,-264,-3616,-190,30
ayp,159,1978,16286,-264,-3616,-190,30
ayp,160,2004,16310,-286,-3617,-191,26
ayp,161,2004,16310,-286,-3617,-191,26
ayp,162,2004,16310,-286,-3617,-191,26
ayp,163,1994,16288,-266,-3619,-191,27
ayp,164,1994,16288,-266,-3619,-191,27
ayp,165,1994,16288,-266,-3619,-191,27
ayp,166,2024,16276,-278,-3620,-196,28
ayp,167,2024,16276,-278,-3620,-196,28
ayp,168,2024,16276,-278,-3620,-196,28
ayp,169,1958,16320,-296,-3619,-193,32
ayp,170,1958,16320,-296,-3619,-193,32
ayp,171,1958,16320,-296,-3619,-193,32
ayp,172,1964,16302,-268,-3619,-193,30
ayp,173,1964,16302,-268,-3619,-193,30
ayp,174,1964,16302,-268,-3619,-193,30
ayp,175,1978,16286,-276,-3615,-192,26
ayp,176,1978,16286,-276,-3615,-192,26
ayp,177,1978,16286,-276,-3615,-192,26
ayp,178,1968,16292,-250,-3616,-190,32
ayp,179,1968,16292,-250,-3616,-190,32
ayp,180,1968,16292,-250,-3616,-190,32
ayp,181,2008,16280,-266,-3618,-186,32
ayp,182,2008,16280,-266,-3618,-186,32
ayp,183,2008,16280,-266,-3618,-186,32
ayp,184,1992,16282,-220,-3618,-188,30
ayp,185,1992,16282,-220,-3618,-188,30
ayp,186,1992,16282,-220,-3618,-188,30
ayp,187,2014,16254,-304,-3617,-189,29
ayp,188,2014,16254,-304,-3617,-189,29
ayp,189,2014,16254,-304,-3617,-189,29
ayp,190,1950,16298,-294,-3618,-188,22
ayp,191,1950,16298,-294,-3618,-188,22
ayp,192,1950,16298,-294,-3618,-188,22
ayp,193,1958,16300,-262,-3617,-187,28
ayp,194,1958,16300,-262,-3617,-187,28
ayp,195,1958,16300,-262,-3617,-187,28
ayp,196,1962,16298,-290,-3611,-189,28
ayp,197,1962,16298,-290,-3611,-189,28
ayp,198,1962,16298,-290,-3611,-189,28
ayp,199,1960,16270,-250,-3615,-191,28
ayp,200,1960,16270,-250,-3615,-191,28
ayp,201,1960,16270,-250,-3615,-191,28
ayp,202,1940,16278,-274,-3616,-190,27
ayp,203,1940,16278,-274,-3616,-190,27
ayp,204,1940,16278,-274,-3616,-190,27
ayp,205,1942,16292,-242,-3618,-189,21
ayp,206,1942,16292,-242,-3618,-189,21
ayp,207,1942,16292,-242,-3618,-189,21
ayp,208,1970,16300,-260,-3615,-192,23
ayp,209,1970,16300,-260,-3615,-192,23
ayp,210,1970,16300,-260,-3615,-192,23
ayp,211,1960,16296,-292,-3616,-192,25
ayp,212,1960,16296,-292,-3616,-192,25
ayp,213,1960,16296,-292,-3616,-192,25
ayp,214,1962,16314,-256,-3616,-194,25
ayp,215,1962,16314,-256,-3616,-194,25
ayp,216,1962,16314,-256,-3616,-194,25
ayp,217,1984,16302,-266,-3619,-194,29
ayp,218,1984,16302,-266,-3619,-194,29
ayp,219,1984,16302,-266,-3619,-194,29
ayp,220,1958,16284,-312,-3624,-192,34
ayp,221,1958,16284,-312,-3624,-192,34
ayp,222,1958,16284,-312,-3624,-192,34
ayp,223,1952,16260,-264,-3621,-190,31
ayp,224,1952,16260,-264,-3621,-190,31
ayp,225,1952,16260,-264,-3621,-190,31
ayp,226,1962,16280,-266,-3618,-191,27
ayp,227,1962,16280,-266,-3618,-191,27
ayp,228,1962,16280,-266,-3618,-191,27
ayp,229,2004,16270,-264,-3616,-193,26
ayp,230,2004,16270,-264,-3616,-193,26
ayp,231,2004,16270,-264,-3616,-193,26
ayp,232,1964,16278,-288,-3614,-190,32
ayp,233,1964,16278,-288,-3614,-190,32
ayp,234,1964,16278,-288,-3614,-190,32
ayp,235,1960,16294,-242,-3614,-187,34
ayp,236,1960,16294,-242,-3614,-187,34
ayp,237,1960,16294,-242,-3614,-187,34
ayp,238,1972,16320,-260,-3611,-189,28
ayp,239,1972,16320,-260,-3611,-189,28
ayp,240,1972,16320,-260,-3611,-189,28
ayp,241,1976,16276,-280,-3615,-193,25
ayp,242,1976,16276,-280,-3615,-193,25
ayp,243,1976,16276,-280,-3615,-193,25
ayp,244,2020,16290,-272,-3619,-191,31
ayp,245,2020,16290,-272,-3619,-191,31
ayp,246,2020,16290,-272,-3619,-191,31
ayp,247,2018,16284,-330,-3617,-191,31
ayp,248,2018,16284,-330,-3617,-191,31
ayp,249,2018,16284,-330,-3617,-191,31
ayp,250,1984,16270,-252,-3618,-193,24
ayp,251,1984,16270,-252,-3618,-193,24
ayp,252,1984,16270,-252,-3618,-193,24
ayp,253,1944,16290,-196,-3619,-191,23
ayp,254,1944,16290,-196,-3619,-191,23
ayp,255,1944,16290,-196,-3619,-191,23
ayp,256,1980,16302,-250,-3618,-193,31
ayp,257,1980,16302,-250,-3618,-193,31
ayp,258,1980,16302,-250,-3618,-193,31
ayp,259,1974,16274,-228,-3618,-196,30
ayp,260,1974,16274,-228,-3618,-196,30
ayp,261,1974,16274,-228,-3618,-196,30
ayp,262,1984,16282,-220,-3617,-195,25
ayp,263,1984,16282,-220,-3617,-195,25
ayp,264,1984,16282,-220,-3617,-195,25
ayp,265,1982,16280,-264,-3616,-195,26
ayp,266,1982,16280,-264,-3616,-195,26
ayp,267,1982,16280,-264,-3616,-195,26
ayp,268,1954,16270,-276,-3616,-191,29
ayp,269,1954,16270,-276,-3616,-191,29
ayp,270,1954,16270,-276,-3616,-191,29
ayp,271,1956,16274,-274,-3616,-186,22
ayp,272,1956,16274,-274,-3616,-186,22
ayp,273,1956,16274,-274,-3616,-186,22
ayp,274,1974,16290,-330,-3612,-189,36
ayp,275,1974,16290,-330,-3612,-189,36
ayp,276,1974,16290,-330,-3612,-189,36
ayp,277,2010,16296,-300,-3613,-192,29
ayp,278,2010,16296,-300,-3613,-192,29
ayp,279,2010,16296,-300,-3613,-192,29
ayp,280,1996,16290,-260,-3610,-191,23
ayp,281,1996,16290,-260,-3610,-191,23
ayp,282,1996,16290,-260,-3610,-191,23
ayp,283,1974,16294,-258,-3611,-188,30
ayp,284,1974,16294,-258,-3611,-188,30
ayp,285,1974,16294,-258,-3611,-188,30
ayp,286,1978,16318,-264,-3610,-190,35
ayp,287,1978,16318,-264,-3610,-190,35
ayp,288,1978,16318,-264,-3610,-190,35
ayp,289,1968,16294,-276,-3613,-192,30
ayp,290,1968,16294,-276,-3613,-192,30
ayp,291,1968,16294,-276,-3613,-192,30
ayp,292,1978,16278,-292,-3616,-193,25
ayp,293,1978,16278,-292,-3616,-193,25
ayp,294,1978,16278,-292,-3616,-193,25
ayp,295,1948,16274,-288,-3620,-189,25
ayp,296,1948,16274,-288,-3620,-189,25
ayp,297,1948,16274,-288,-3620,-189,25
ayp,298,1978,16266,-270,-3617,-189,29
ayp,299,1978,16266,-270,-3617,-189,29
ayp,300,1978,16266,-270,-3617,-189,29
ayn,1,1966,-16448,1728,-3614,-191,24
ayn,2,1966,-16448,1728,-3614,-191,24
ayn,3,1966,-16448,1728,-3614,-191,24
ayn,4,1788,-16608,1430,-3615,-207,29
ayn,5,1788,-16608,1430,-3615,-207,29
ayn,6,1788,-16608,1430,-3615,-207,29
ayn,7,1902,-16460,1732,-3620,-192,27
ayn,8,1902,-16460,1732,-3620,-192,27
ayn,9,1902,-16460,1732,-3620,-192,27
ayn,10,1790,-16636,1518,-3619,-206,29
ayn,11,1790,-16636,1518,-3619,-206,29
ayn,12,1790,-16636,1518,-3619,-206,29
ayn,13,1872,-16512,1604,-3620,-194,28
ayn,14,1872,-16512,1604,-3620,-194,28
ayn,15,1872,-16512,1604,-3620,-194,28
ayn,16,1898,-16510,1648,-3621,-199,31
ayn,17,1898,-16510,1648,-3621,-199,31
ayn,18,1898,-16510,1648,-3621,-199,31
ayn,19,1872,-16564,1500,-3615,-202,31
ayn,20,1872,-16564,1500,-3615,-202,31
ayn,21,1872,-16564,1500,-3615,-202,31
ayn,22,1932,-16488,1742,-3617,-195,34
ayn,23,1932,-16488,1742,-3617,-195,34
ayn,24,1932,-16488,1742,-3617,-195,34
ayn,25,1870,-16578,1536,-3617,-204,26
ayn,26,1870,-16578,1536,-3617,-204,26
ayn,27,1870,-16578,1536,-3617,-204,26
ayn,28,1864,-16548,1696,-3620,-191,23
ayn,29,1864,-16548,1696,-3620,-191,23
ayn,30,1864,-16548,1696,-3620,-191,23
ayn,31,1892,-16552,1602,-3621,-197,26
ayn,32,1892,-16552,1602,-3621,-197,26
ayn,33,1892,-16552,1602,-3621,-197,26
ayn,34,1862,-16546,1570,-3622,-196,28
ayn,35,1862,-16546,1570,-3622,-196,28
ayn,36,1862,-16546,1570,-3622,-196,28
ayn,37,1872,-16480,1630,-3619,-194,25
ayn,38,1872,-16480,1630,-3619,-194,25
ayn,39,1872,-16480,1630,-3619,-194,25
ayn,40,1872,-16560,1552,-3616,-200,30
ayn,41,1872,-16560,1552,-3616,-200,30
ayn,42,1872,-16560,1552,-3616,-200,30
ayn,43,1894,-16530,1576,-3616,-196,31
ayn,44,1894,-16530,1576,-3616,-196,31
ayn,45,1894,-16530,1576,-3616,-196,31
ayn,46,1880,-16544,1564,-3619,-197,37
ayn,47,1880,-16544,1564,-3619,-197,37
ayn,48,1880,-16544,1564,-3619,-197,37
ayn,49,1870,-16548,1594,-3617,-196,29
ayn,50,1870,-16548,1594,-3617,-196,29
ayn,51,1870,-16548,1594,-3617,-196,29
ayn,52,1880,-16528,1588,-3615,-191,23
ayn,53,1880,-16528,1588,-3615,-191,23
ayn,54,1880,-16528,1588,-3615,-191,23
ayn,55,1880,-16568,1560,-3615,-194,27
ayn,56,1880,-16568,1560,-3615,-194,27
ayn,57,1880,-16568,1560,-3615,-194,27
ayn,58,1862,-16512,1634,-3619,-190,28
ayn,59,1862,-16512,1634,-3619,-190,28
ayn,60,1862,-16512,1634,-3619,-190,28
ayn,61,1876,-16530,1554,-3619,-193,32
ayn,62,1876,-16530,1554,-3619,-193,32
ayn,63,1876,-16530,1554,-3619,-193,32
ayn,64,1878,-16552,1572,-3618,-196,32
ayn,65,1878,-16552,1572,-3618,-196,32
ayn,66,1878,-16552,1572,-3618,-196,32
ayn,67,1880,-16564,1602,-3619,-194,28
ayn,68,1880,-16564,1602,-3619,-194,28
ayn,69,1880,-16564,1602,-3619,-194,28
ayn,70,1850,-16590,1530,-3617,-192,31
ayn,71,1850,-16590,1530,-3617,-192,31
ayn,72,1850,-16590,1530,-3617,-192,31
ayn,73,1872,-16530,1572,-3615,-190,38
ayn,74,1872,-16530,1572,-3615,-190,38
ayn,75,1872,-16530,1572,-3615,-190,38
ayn,76,1882,-16536,1630,-3617,-193,33
ayn,77,1882,-16536,1630,-3617,-193,33
ayn,78,1882,-16536,1630,-3617,-193,33
ayn,79,1872,-16558,1598,-3614,-199,34
ayn,80,1872,-16558,1598,-3614,-199,34
ayn,81,1872,-16558,1598,-3614,-199,34
ayn,82,1868,-16554,1592,-3615,-196,28
ayn,83,1868,-16554,1592,-3615,-196,28
ayn,84,1868,-16554,1592,-3615,-196,28
ayn,85,1858,-16524,1580,-3616,-197,26
ayn,86,1858,-16524,1580,-3616,-197,26
ayn,87,1858,-16524,1580,-3616,-197,26
ayn,88,1846,-16532,1556,-3615,-195,28
ayn,89,1846,-16532,1556,-3615,-195,28
ayn,90,1846,-16532,1556,-3615,-195,28
ayn,91,1868,-16556,1524,-3615,-198,21
ayn,92,1868,-16556,1524,-3615,-198,21
ayn,93,1868,-16556,1524,-3615,-198,21
ayn,94,1872,-16536,1550,-3618,-196,28
ayn,95,1872,-16536,1550,-3618,-196,28
ayn,96,1854,-16546,1604,-3620,-194,30
ayn,97,1854,-16546,1604,-3620,-194,30
ayn,98,1854,-16546,1604,-3620,-194,30
ayn,99,1844,-16522,1580,-3618,-195,31
ayn,100,1844,-16522,1580,-3618,-195,31
ayn,101,1844,-16522,1580,-3618,-195,31
ayn,102,1886,-16564,1590,-3619,-199,27
ayn,103,1886,-16564,1590,-3619,-199,27
ayn,104,1886,-16564,1590,-3619,-199,27
ayn,105,1892,-16540,1580,-3614,-196,26
ayn,106,1892,-16540,1580,-3614,-196,26
ayn,107,1892,-16540,1580,-3614,-196,26
ayn,108,1880,-16532,1622,-3616,-190,21
ayn,109,1880,-16532,1622,-3616,-190,21
ayn,110,1880,-16532,1622,-3616,-190,21
ayn,111,1874,-16506,1572,-3619,-191,15
ayn,112,1874,-16506,1572,-3619,-191,15
ayn,113,1874,-16506,1572,-3619,-191,15
ayn,114,1850,-16544,1590,-3616,-189,20
ayn,115,1850,-16544,1590,-3616,-189,20
ayn,116,1850,-16544,1590,-3616,-189,20
ayn,117,1850,-16548,1566,-3618,-188,21
ayn,118,1850,-16548,1566,-3618,-188,21
ayn,119,1850,-16548,1566,-3618,-188,21
ayn,120,1822,-16552,1596,-3623,-193,25
ayn,121,1822,-16552,1596,-3623,-193,25
ayn,122,1822,-16552,1596,-3623,-193,25
ayn,123,1866,-16582,1590,-3622,-196,26
ayn,124,1866,-16582,1590,-3622,-196,26
ayn,125,1866,-16582,1590,-3622,-196,26
ayn,126,1862,-16538,1594,-3623,-191,27
ayn,127,1862,-16538,1594,-3623,-191,27
ayn,128,1862,-16538,1594,-3623,-191,27
ayn,129,1876,-16536,1574,-3625,-194,34
ayn,130,1876,-16536,1574,-3625,-194,34
ayn,131,1876,-16536,1574,-3625,-194,34
ayn,132,1856,-16540,1622,-3618,-196,28
ayn,133,1856,-16540,1622,-3618,-196,28
ayn,134,1856,-16540,1622,-3618,-196,28
ayn,135,1868,-16570,1600,-3616,-196,22
ayn,136,1868,-16570,1600,-3616,-196,22
ayn,137,1900,-16532,1592,-3618,-195,23
ayn,138,1900,-16532,1592,-3618,-195,23
ayn,139,1900,-16532,1592,-3618,-195,23
ayn,140,1892,-16516,1620,-3617,-192,22
ayn,141,1892,-16516,1620,-3617,-192,22
ayn,142,1892,-16516,1620,-3617,-192,22
ayn,143,1860,-16520,1584,-3616,-189,19
ayn,144,1860,-16520,1584,-3616,-189,19
ayn,145,1860,-16520,1584,-3616,-189,19
ayn,146,1876,-16534,1588,-3614,-192,21
ayn,147,1876,-16534,1588,-3614,-192,21
ayn,148,1876,-16534,1588,-3614,-192,21
ayn,149,1888,-16578,1582,-3618,-193,29
ayn,150,1888,-16578,1582,-3618,-193,29
ayn,151,1888,-16578,1582,-3618,-193,29
ayn,152,1860,-16552,1580,-3622,-192,28
ayn,153,1860,-16552,1580,-3622,-192,28
ayn,154,1860,-16552,1580,-3622,-192,28
ayn,155,1842,-16534,1572,-3619,-195,30
ayn,156,1842,-16534,1572,-3619,-195,30
ayn,157,1842,-16534,1572,-3619,-195,30
ayn,158,1850,-16566,1610,-3616,-195,26
ayn,159,1850,-16566,1610,-3616,-195,26
ayn,160,1850,-16566,1610,-3616,-195,26
ayn,161,1868,-16558,1564,-3615,-197,27
ayn,162,1868,-16558,1564,-3615,-197,27
ayn,163,1868,-16558,1564,-3615,-197,27
ayn,164,1874,-16552,1552,-3617,-192,35
ayn,165,1874,-16552,1552,-3617,-192,35
ayn,166,1874,-16552,1552,-3617,-192,35
ayn,167,1878,-16570,1590,-3616,-195,32
ayn,168,1878,-16570,1590,-3616,-195,32
ayn,169,1878,-16570,1590,-3616,-195,32
ayn,170,1868,-16538,1566,-3617,-194,23
ayn,171,1868,-16538,1566,-3617,-194,23
ayn,172,1850,-16578,1576,-3619,-191,28
ayn,173,1850,-16578,1576,-3619,-191,28
ayn,174,1850,-16578,1576,-3619,-191,28
ayn,175,1860,-16564,1550,-3623,-193,31
ayn,176,1860,-16564,1550,-3623,-193,31
ayn,177,1860,-16564,1550,-3623,-193,31
ayn,178,1844,-16548,1546,-3621,-197,36
ayn,179,1844,-16548,1546,-3621,-197,36
ayn,180,1844,-16548,1546,-3621,-197,36
ayn,181,1868,-16558,1580,-3623,-195,28
ayn,182,1868,-16558,1580,-3623,-195,28
ayn,183,1868,-16558,1580,-3623,-195,28
ayn,184,1872,-16604,1586,-3618,-196,29
ayn,185,1872,-16604,1586,-3618,-196,29
ayn,186,1872,-16604,1586,-3618,-196,29
ayn,187,1828,-16558,1546,-3620,-195,28
ayn,188,1828,-16558,1546,-3620,-195,28
ayn,189,1828,-16558,1546,-3620,-195,28
ayn,190,1842,-16528,1598,-3623,-196,28
ayn,191,1842,-16528,1598,-3623,-196,28
ayn,192,1842,-16528,1598,-3623,-196,28
ayn,193,1888,-16552,1598,-3623,-195,27
ayn,194,1888,-16552,1598,-3623,-195,27
ayn,195,1888,-16552,1598,-3623,-195,27
ayn,196,1886,-16520,1610,-3619,-195,29
ayn,197,1886,-16520,1610,-3619,-195,29
ayn,198,1886,-16520,1610,-3619,-195,29
ayn,199,1888,-16556,1584,-3623,-195,32
ayn,200,1888,-16556,1584,-3623,-195,32
ayn,201,1888,-16556,1584,-3623,-195,32
ayn,202,1894,-16564,1596,-3620,-197,24
ayn,203,1894,-16564,1596,-3620,-197,24
ayn,204,1894,-16564,1596,-3620,-197,24
ayn,205,1858,-16554,1632,-3620,-198,29
ayn,206,1858,-16554,1632,-3620,-198,29
ayn,207,1854,-16552,1580,-3620,-197,30
ayn,208,1854,-16552,1580,-3620,-197,30
ayn,209,1854,-16552,1580,-3620,-197,30
ayn,210,1852,-16530,1586,-3618,-192,31
ayn,211,1852,-16530,1586,-3618,-192,31
ayn,212,1852,-16530,1586,-3618,-192,31
ayn,213,1880,-16564,1600,-3618,-192,30
ayn,214,1880,-16564,1600,-3618,-192,30
ayn,215,1880,-16564,1600,-3618,-192,30
ayn,216,1896,-16534,1612,-3624,-188,26
ayn,217,1896,-16534,1612,-3624,-188,26
ayn,218,1896,-16534,1612,-3624,-188,26
ayn,219,1916,-16516,1616,-3624,-192,32
ayn,220,1916,-16516,1616,-3624,-192,32
ayn,221,1916,-16516,1616,-3624,-192,32
ayn,222,1864,-16552,1588,-3621,-194,31
ayn,223,1864,-16552,1588,-3621,-194,31
ayn,224,1864,-16552,1588,-3621,-194,31
ayn,225,1848,-16544,1632,-3622,-194,40
ayn,226,1848,-16544,1632,-3622,-194,40
ayn,227,1848,-16544,1632,-3622,-194,40
ayn,228,1886,-16552,1602,-3623,-196,34
ayn,229,1886,-16552,1602,-3623,-196,34
ayn,230,1886,-16552,1602,-3623,-196,34
ayn,231,1850,-16538,1572,-3623,-193,33
ayn,232,1850,-16538,1572,-3623,-193,33
ayn,233,1850,-16538,1572,-3623,-193,33
ayn,234,1866,-16540,1598,-3620,-194,36
ayn,235,1866,-16540,1598,-3620,-194,36
ayn,236,1866,-16540,1598,-3620,-194,36
ayn,237,1866,-16552,1570,-3617,-196,35
ayn,238,1866,-16552,1570,-3617,-196,35
ayn,239,1866,-16552,1570,-3617,-196,35
ayn,240,1876,-16542,1602,-3620,-194,33
ayn,241,1876,-16542,1602,-3620,-194,33
ayn,242,1876,-16542,1602,-3620,-194,33
ayn,243,1872,-16530,1546,-3621,-187,30
ayn,244,1872,-16530,1546,-3621,-187,30
ayn,245,1878,-16556,1562,-3617,-189,28
ayn,246,1878,-16556,1562,-3617,-189,28
ayn,247,1878,-16556,1562,-3617,-189,28
ayn,248,1878,-16538,1574,-3618,-194,21
ayn,249,1878,-16538,1574,-3618,-194,21
ayn,250,1878,-16538,1574,-3618,-194,21
ayn,251,1862,-16552,1610,-3624,-193,26
ayn,252,1862,-16552,1610,-3624,-193,26
ayn,253,1862,-16552,1610,-3624,-193,26
ayn,254,1864,-16558,1624,-3624,-197,29
ayn,255,1864,-16558,1624,-3624,-197,29
ayn,256,1864,-16558,1624,-3624,-197,29
ayn,257,1906,-16568,1640,-3624,-196,30
ayn,258,1906,-16568,1640,-3624,-196,30
ayn,259,1906,-16568,1640,-3624,-196,30
ayn,260,1876,-16550,1592,-3621,-193,33
ayn,261,1876,-16550,1592,-3621,-193,33
ayn,262,1876,-16550,1592,-3621,-193,33
ayn,263,1874,-16532,1588,-3621,-192,32
ayn,264,1874,-16532,1588,-3621,-192,32
ayn,265,1874,-16532,1588,-3621,-192,32
ayn,266,1880,-16530,1562,-3621,-188,33
ayn,267,1880,-16530,1562,-3621,-188,33
ayn,268,1880,-16530,1562,-3621,-188,33
ayn,269,1852,-16566,1612,-3624,-194,27
ayn,270,1852,-16566,1612,-3624,-194,27
ayn,271,1852,-16566,1612,-3624,-194,27
ayn,272,1852,-16534,1560,-3628,-196,36
ayn,273,1852,-16534,1560,-3628,-196,36
ayn,274,1852,-16534,1560,-3628,-196,36
ayn,275,1870,-16554,1592,-3622,-194,32
ayn,276,1870,-16554,1592,-3622,-194,32
ayn,277,1870,-16554,1592,-3622,-194,32
ayn,278,1880,-16534,1640,-3618,-196,28
ayn,279,1880,-16534,1640,-3618,-196,28
ayn,280,1856,-16538,1638,-3613,-193,26
ayn,281,1856,-16538,1638,-3613,-193,26
ayn,282,1856,-16538,1638,-3613,-193,26
ayn,283,1878,-16540,1570,-3616,-192,28
ayn,284,1878,-16540,1570,-3616,-192,28
ayn,285,1878,-16540,1570,-3616,-192,28
ayn,286,1866,-16566,1620,-3622,-195,24
ayn,287,1866,-16566,1620,-3622,-195,24
ayn,288,1866,-16566,1620,-3622,-195,24
ayn,289,1886,-16538,1578,-3620,-194,31
ayn,290,1886,-16538,1578,-3620,-194,31
ayn,291,1886,-16538,1578,-3620,-194,31
ayn,292,1886,-16556,1542,-3618,-193,35
ayn,293,1886,-16556,1542,-3618,-193,35
ayn,294,1886,-16556,1542,-3618,-193,35
ayn,295,1880,-16562,1596,-3619,-193,33
ayn,296,1880,-16562,1596,-3619,-193,33
ayn,297,1880,-16562,1596,-3619,-193,33
ayn,298,1872,-16556,1562,-3619,-192,34
ayn,299,1872,-16556,1562,-3619,-192,34
ayn,300,1872,-16556,1562,-3619,-192,34
azp,1,1268,950,17088,-3621,-179,30
azp,2,1268,950,17088,-3621,-179,30
azp,3,1268,950,17088,-3621,-179,30
azp,4,1314,-250,17074,-3624,-212,22
azp,5,1314,-250,17074,-3624,-212,22
azp,6,1314,-250,17074,-3624,-212,22
azp,7,1246,1384,17064,-3623,-154,26
azp,8,1246,1384,17064,-3623,-154,26
azp,9,1246,1384,17064,-3623,-154,26
azp,10,1274,-434,17124,-3623,-231,23
azp,11,1274,-434,17124,-3623,-231,23
azp,12,1274,-434,17124,-3623,-231,23
azp,13,1264,1252,17094,-3616,-140,32
azp,14,1264,1252,17094,-3616,-140,32
azp,15,1264,1252,17094,-3616,-140,32
azp,16,1304,-138,17118,-3614,-224,25
azp,17,1304,-138,17118,-3614,-224,25
azp,18,1304,-138,17118,-3614,-224,25
azp,19,1266,908,17070,-3622,-160,33
azp,20,1266,908,17070,-3622,-160,33
azp,21,1266,908,17070,-3622,-160,33
azp,22,1300,272,17102,-3619,-210,29
azp,23,1300,272,17102,-3619,-210,29
azp,24,1300,272,17102,-3619,-210,29
azp,25,1300,272,17102,-3619,-210,29
azp,26,1274,482,17124,-3617,-180,30
azp,27,1274,482,17124,-3617,-180,30
azp,28,1274,482,17124,-3617,-180,30
azp,29,1318,626,17096,-3617,-190,23
azp,30,1318,626,17096,-3617,-190,23
azp,31,1318,626,17096,-3617,-190,23
azp,32,1304,164,17096,-3622,-196,31
azp,33,1304,164,17096,-3622,-196,31
azp,34,1304,164,17096,-3622,-196,31
azp,35,1298,860,17102,-3620,-171,31
azp,36,1298,860,17102,-3620,-171,31
azp,37,1298,860,17102,-3620,-171,31
azp,38,1328,44,17120,-3619,-206,26
azp,39,1328,44,17120,-3619,-206,26
azp,40,1328,44,17120,-3619,-206,26
azp,41,1266,802,17116,-3624,-168,30
azp,42,1266,802,17116,-3624,-168,30
azp,43,1266,802,17116,-3624,-168,30
azp,44,1266,802,17116,-3624,-168,30
azp,45,1316,158,17112,-3624,-202,29
azp,46,1316,158,17112,-3624,-202,29
azp,47,1316,158,17112,-3624,-202,29
azp,48,1276,642,17106,-3625,-173,32
azp,49,1276,642,17106,-3625,-173,32
azp,50,1276,642,17106,-3625,-173,32
azp,51,1316,386,17116,-3620,-202,25
azp,52,1316,386,17116,-3620,-202,25
azp,53,1316,386,17116,-3620,-202,25
azp,54,1302,460,17098,-3618,-186,26
azp,55,1302,460,17098,-3618,-186,26
azp,56,1302,460,17098,-3618,-186,26
azp,57,1256,554,17078,-3614,-193,25
azp,58,1256,554,17078,-3614,-193,25
azp,59,1256,554,17078,-3614,-193,25
azp,60,1308,292,17074,-3617,-191,24
azp,61,1308,292,17074,-3617,-191,24
azp,62,1308,292,17074,-3617,-191,24
azp,63,1308,292,17074,-3617,-191,24
azp,64,1280,622,17118,-3617,-185,28
azp,65,1280,622,17118,-3617,-185,28
azp,66,1280,622,17118,-3617,-185,28
azp,67,1288,258,17068,-3615,-199,25
azp,68,1288,258,17068,-3615,-199,25
azp,69,1288,258,17068,-3615,-199,25
azp,70,1272,628,17128,-3616,-175,26
azp,71,1272,628,17128,-3616,-175,26
azp,72,1272,628,17128,-3616,-175,26
azp,73,1308,304,17088,-3620,-197,25
azp,74,1308,304,17088,-3620,-197,25
azp,75,1308,304,17088,-3620,-197,25
azp,76,1304,584,17100,-3616,-177,22
azp,77,1304,584,17100,-3616,-177,22
azp,78,1304,584,17100,-3616,-177,22
azp,79,1294,418,17104,-3618,-190,33
azp,80,1294,418,17104,-3618,-190,33
azp,81,1294,418,17104,-3618,-190,33
azp,82,1290,434,17084,-3619,-186,31
azp,83,1290,434,17084,-3619,-186,31
azp,84,1290,434,17084,-3619,-186,31
azp,85,1290,434,17084,-3619,-186,31
azp,86,1322,512,17120,-3620,-192,27
azp,87,1322,512,17120,-3620,-192,27
azp,88,1322,512,17120,-3620,-192,27
azp,89,1334,382,17132,-3617,-189,27
azp,90,1334,382,17132,-3617,-189,27
azp,91,1334,382,17132,-3617,-189,27
azp,92,1312,554,17116,-3617,-189,28
azp,93,1312,554,17116,-3617,-189,28
azp,94,1312,554,17116,-3617,-189,28
azp,95,1320,370,17114,-3615,-199,34
azp,96,1320,370,17114,-3615,-199,34
azp,97,1320,370,17114,-3615,-199,34
azp,98,1270,584,17108,-3619,-184,32
azp,99,1270,584,17108,-3619,-184,32
azp,100,1270,584,17108,-3619,-184,32
azp,101,1328,416,17150,-3617,-192,29
azp,102,1328,416,17150,-3617,-192,29
azp,103,1328,416,17150,-3617,-192,29
azp,104,1300,528,17034,-3619,-185,33
azp,105,1300,528,17034,-3619,-185,33
azp,106,1300,528,17034,-3619,-185,33
azp,107,1300,528,17034,-3619,-185,33
azp,108,1282,482,17070,-3620,-189,32
azp,109,1282,482,17070,-3620,-189,32
azp,110,1282,482,17070,-3620,-189,32
azp,111,1374,464,17122,-3618,-185,25
azp,112,1374,464,17122,-3618,-185,25
azp,113,1374,464,17122,-3618,-185,25
azp,114,1268,528,17100,-3616,-188,23
azp,115,1268,528,17100,-3616,-188,23
azp,116,1268,528,17100,-3616,-188,23
azp,117,1294,438,17076,-3616,-189,27
azp,118,1294,438,17076,-3616,-189,27
azp,119,1294,438,17076,-3616,-189,27
azp,120,1288,544,17052,-3619,-186,27
azp,121,1288,544,17052,-3619,-186,27
azp,122,1288,544,17052,-3619,-186,27
azp,123,1280,428,17082,-3619,-195,28
azp,124,1280,428,17082,-3619,-195,28
azp,125,1280,428,17082,-3619,-195,28
azp,126,1318,474,17106,-3616,-188,24
azp,127,1318,474,17106,-3616,-188,24
azp,128,1318,474,17106,-3616,-188,24
azp,129,1300,402,17114,-3616,-192,20
azp,130,1300,402,17114,-3616,-192,20
azp,131,1300,402,17114,-3616,-192,20
azp,132,1294,498,17056,-3617,-188,22
azp,133,1294,498,17056,-3617,-188,22
azp,134,1294,498,17056,-3617,-188,22
azp,135,1272,458,17102,-3616,-190,24
azp,136,1272,458,17102,-3616,-190,24
azp,137,1272,458,17102,-3616,-190,24
azp,138,1274,446,17102,-3621,-189,22
azp,139,1274,446,17102,-3621,-189,22
azp,140,1274,446,17102,-3621,-189,22
azp,141,1330,504,17128,-3622,-192,18
azp,142,1330,504,17128,-3622,-192,18
azp,143,1330,504,17128,-3622,-192,18
azp,144,1286,464,17148,-3622,-191,23
azp,145,1286,464,17148,-3622,-191,23
azp,146,1286,464,17148,-3622,-191,23
azp,147,1254,482,17106,-3622,-189,27
azp,148,1254,482,17106,-3622,-189,27
azp,149,1254,482,17106,-3622,-189,27
azp,150,1254,482,17106,-3622,-189,27
azp,151,1274,468,17114,-3618,-190,31
azp,152,1274,468,17114,-3618,-190,31
azp,153,1274,468,17114,-3618,-190,31
azp,154,1284,484,17072,-3618,-189,28
azp,155,1284,484,17072,-3618,-189,28
azp,156,1284,484,17072,-3618,-189,28
azp,157,1310,430,17062,-3619,-187,22
azp,158,1310,430,17062,-3619,-187,22
azp,159,1310,430,17062,-3619,-187,22
azp,160,1316,474,17054,-3624,-187,26
azp,161,1316,474,17054,-3624,-187,26
azp,162,1316,474,17054,-3624,-187,26
azp,163,1288,494,17094,-3623,-193,28
azp,164,1288,494,17094,-3623,-193,28
azp,165,1288,494,17094,-3623,-193,28
azp,166,1294,474,17142,-3618,-190,25
azp,167,1294,474,17142,-3618,-190,25
azp,168,1294,474,17142,-3618,-190,25
azp,169,1262,492,17100,-3617,-191,29
azp,170,1262,492,17100,-3617,-191,29
azp,171,1262,492,17100,-3617,-191,29
azp,172,1278,462,17158,-3618,-191,26
azp,173,1278,462,17158,-3618,-191,26
azp,174,1278,462,17158,-3618,-191,26
azp,175,1280,478,17046,-3615,-187,31
azp,176,1280,478,17046,-3615,-187,31
azp,177,1280,478,17046,-3615,-187,31
azp,178,1312,504,17130,-3616,-187,29
azp,179,1312,504,17130,-3616,-187,29
azp,180,1312,504,17130,-3616,-187,29
azp,181,1308,482,17114,-3619,-189,28
azp,182,1308,482,17114,-3619,-189,28
azp,183,1308,482,17114,-3619,-189,28
azp,184,1306,496,17088,-3621,-191,18
azp,185,1306,496,17088,-3621,-191,18
azp,186,1306,496,17088,-3621,-191,18
azp,187,1312,464,17090,-3619,-189,25
azp,188,1312,464,17090,-3619,-189,25
azp,189,1312,464,17090,-3619,-189,25
azp,190,1298,482,17048,-3616,-195,32
azp,191,1298,482,17048,-3616,-195,32
azp,192,1298,482,17048,-3616,-195,32
azp,193,1298,482,17048,-3616,-195,32
azp,194,1292,498,17078,-3620,-194,31
azp,195,1292,498,17078,-3620,-194,31
azp,196,1292,498,17078,-3620,-194,31
azp,197,1280,470,17084,-3620,-190,29
azp,198,1280,470,17084,-3620,-190,29
azp,199,1280,470,17084,-3620,-190,29
azp,200,1304,462,17104,-3617,-186,31
azp,201,1304,462,17104,-3617,-186,31
azp,202,1304,462,17104,-3617,-186,31
azp,203,1296,478,17150,-3619,-192,25
azp,204,1296,478,17150,-3619,-192,25
azp,205,1296,478,17150,-3619,-192,25
azp,206,1264,492,17140,-3621,-193,24
azp,207,1264,492,17140,-3621,-193,24
azp,208,1264,492,17140,-3621,-193,24
azp,209,1322,464,17144,-3623,-189,26
azp,210,1322,464,17144,-3623,-189,26
azp,211,1322,464,17144,-3623,-189,26
azp,212,1310,504,17108,-3621,-189,25
azp,213,1310,504,17108,-3621,-189,25
azp,214,1310,504,17108,-3621,-189,25
azp,215,1324,458,17090,-3621,-193,27
azp,216,1324,458,17090,-3621,-193,27
azp,217,1324,458,17090,-3621,-193,27
azp,218,1298,470,17072,-3621,-192,28
azp,219,1298,470,17072,-3621,-192,28
azp,220,1298,470,17072,-3621,-192,28
azp,221,1304,448,17098,-3622,-191,26
azp,222,1304,448,17098,-3622,-191,26
azp,223,1304,448,17098,-3622,-191,26
azp,224,1318,504,17020,-3622,-187,23
azp,225,1318,504,17020,-3622,-187,23
azp,226,1318,504,17020,-3622,-187,23
azp,227,1302,490,17046,-3622,-189,23
azp,228,1302,490,17046,-3622,-189,23
azp,229,1302,490,17046,-3622,-189,23
azp,230,1280,470,17044,-3624,-192,31
azp,231,1280,470,17044,-3624,-192,31
azp,232,1280,470,17044,-3624,-192,31
azp,233,1262,512,17066,-3622,-192,26
azp,234,1262,512,17066,-3622,-192,26
azp,235,1262,512,17066,-3622,-192,26
azp,236,1262,512,17066,-3622,-192,26
azp,237,1280,490,17030,-3622,-194,26
azp,238,1280,490,17030,-3622,-194,26
azp,239,1280,490,17030,-3622,-194,26
azp,240,1294,474,17076,-3619,-188,25
azp,241,1294,474,17076,-3619,-188,25
azp,242,1294,474,17076,-3619,-188,25
azp,243,1296,484,17076,-3618,-186,26
azp,244,1296,484,17076,-3618,-186,26
azp,245,1296,484,17076,-3618,-186,26
azp,246,1268,506,17088,-3617,-184,22
azp,247,1268,506,17088,-3617,-184,22
azp,248,1268,506,17088,-3617,-184,22
azp,249,1286,518,17092,-3622,-189,27
azp,250,1286,518,17092,-3622,-189,27
azp,251,1286,518,17092,-3622,-189,27
azp,252,1304,468,17084,-3624,-186,21
azp,253,1304,468,17084,-3624,-186,21
azp,254,1304,468,17084,-3624,-186,21
azp,255,1308,516,17090,-3622,-190,22
azp,256,1308,516,17090,-3622,-190,22
azp,257,1308,516,17090,-3622,-190,22
azp,258,1296,476,17164,-3620,-193,29
azp,259,1296,476,17164,-3620,-193,29
azp,260,1296,476,17164,-3620,-193,29
azp,261,1282,458,17050,-3621,-192,26
azp,262,1282,458,17050,-3621,-192,26
azp,263,1282,458,17050,-3621,-192,26
azp,264,1256,454,17026,-3621,-186,22
azp,265,1256,454,17026,-3621,-186,22
azp,266,1256,454,17026,-3621,-186,22
azp,267,1282,458,17088,-3618,-189,25
azp,268,1282,458,17088,-3618,-189,25
azp,269,1282,458,17088,-3618,-189,25
azp,270,1294,450,17090,-3620,-188,31
azp,271,1294,450,17090,-3620,-188,31
azp,272,1294,450,17090,-3620,-188,31
azp,273,1270,486,17082,-3617,-192,28
azp,274,1270,486,17082,-3617,-192,28
azp,275,1270,486,17082,-3617,-192,28
azp,276,1304,470,17074,-3617,-191,31
azp,277,1304,470,17074,-3617,-191,31
azp,278,1304,470,17074,-3617,-191,31
azp,279,1304,470,17074,-3617,-191,31
azp,280,1286,458,17094,-3617,-196,25
azp,281,1286,458,17094,-3617,-196,25
azp,282,1286,458,17094,-3617,-196,25
azp,283,1316,466,17050,-3620,-193,24
azp,284,1316,466,17050,-3620,-193,24
azp,285,1316,466,17050,-3620,-193,24
azp,286,1322,456,17114,-3619,-191,25
azp,287,1322,456,17114,-3619,-191,25
azp,288,1322,456,17114,-3619,-191,25
azp,289,1310,476,17126,-3617,-193,33
azp,290,1310,476,17126,-3617,-193,33
azp,291,1310,476,17126,-3617,-193,33
azp,292,1286,488,17162,-3614,-191,31
azp,293,1286,488,17162,-3614,-191,31
azp,294,1286,488,17162,-3614,-191,31
azp,295,1280,454,17118,-3618,-191,29
azp,296,1280,454,17118,-3618,-191,29
azp,297,1280,454,17118,-3618,-191,29
azp,298,1274,466,17100,-3616,-191,25
azp,299,1274,466,17100,-3616,-191,25
azp,300,1274,466,17100,-3616,-191,25
azn,1,2546,-730,-16342,-3619,-188,31
azn,2,2546,-730,-16342,-3619,-188,31
azn,3,2546,-730,-16342,-3619,-188,31
azn,4,2542,-702,-16306,-3617,-185,29
azn,5,2542,-702,-16306,-3617,-185,29
azn,6,2542,-702,-16306,-3617,-185,29
azn,7,2512,-722,-16340,-3618,-186,33
azn,8,2512,-722,-16340,-3618,-186,33
azn,9,2512,-722,-16340,-3618,-186,33
azn,10,2592,-778,-16346,-3619,-186,33
azn,11,2592,-778,-16346,-3619,-186,33
azn,12,2592,-778,-16346,-3619,-186,33
azn,13,2510,-734,-16282,-3621,-189,27
azn,14,2510,-734,-16282,-3621,-189,27
azn,15,2510,-734,-16282,-3621,-189,27
azn,16,2548,-714,-16338,-3621,-192,22
azn,17,2548,-714,-16338,-3621,-192,22
azn,18,2548,-714,-16338,-3621,-192,22
azn,19,2534,-744,-16336,-3620,-194,23
azn,20,2534,-744,-16336,-3620,-194,23
azn,21,2534,-744,-16336,-3620,-194,23
azn,22,2540,-742,-16308,-3618,-194,31
azn,23,2540,-742,-16308,-3618,-194,31
azn,24,2540,-742,-16308,-3618,-194,31
azn,25,2540,-754,-16286,-3620,-190,27
azn,26,2540,-754,-16286,-3620,-190,27
azn,27,2540,-754,-16286,-3620,-190,27
azn,28,2548,-726,-16300,-3620,-189,31
azn,29,2548,-726,-16300,-3620,-189,31
azn,30,2548,-726,-16300,-3620,-189,31
azn,31,2564,-752,-16340,-3622,-193,36
azn,32,2564,-752,-16340,-3622,-193,36
azn,33,2564,-752,-16340,-3622,-193,36
azn,34,2540,-748,-16348,-3623,-194,31
azn,35,2540,-748,-16348,-3623,-194,31
azn,36,2540,-748,-16348,-3623,-194,31
azn,37,2548,-752,-16292,-3623,-189,32
azn,38,2548,-752,-16292,-3623,-189,32
azn,39,2548,-752,-16292,-3623,-189,32
azn,40,2524,-722,-16322,-3620,-188,25
azn,41,2524,-722,-16322,-3620,-188,25
azn,42,2524,-722,-16322,-3620,-188,25
azn,43,2528,-714,-16382,-3620,-189,25
azn,44,2528,-714,-16382,-3620,-189,25
azn,45,2528,-714,-16382,-3620,-189,25
azn,46,2532,-718,-16368,-3621,-185,25
azn,47,2532,-718,-16368,-3621,-185,25
azn,48,2532,-718,-16368,-3621,-185,25
azn,49,2510,-696,-16352,-3618,-186,26
azn,50,2510,-696,-16352,-3618,-186,26
azn,51,2510,-696,-16352,-3618,-186,26
azn,52,2536,-752,-16324,-3615,-185,30
azn,53,2536,-752,-16324,-3615,-185,30
azn,54,2536,-752,-16324,-3615,-185,30
azn,55,2510,-722,-16340,-3617,-185,33
azn,56,2510,-722,-16340,-3617,-185,33
azn,57,2510,-722,-16340,-3617,-185,33
azn,58,2570,-746,-16318,-3618,-189,33
azn,59,2570,-746,-16318,-3618,-189,33
azn,60,2570,-746,-16318,-3618,-189,33
azn,61,2524,-744,-16332,-3617,-191,31
azn,62,2524,-744,-16332,-3617,-191,31
azn,63,2524,-744,-16332,-3617,-191,31
azn,64,2550,-748,-16348,-3620,-193,28
azn,65,2550,-748,-16348,-3620,-193,28
azn,66,2550,-748,-16348,-3620,-193,28
azn,67,2558,-732,-16346,-3619,-188,27
azn,68,2558,-732,-16346,-3619,-188,27
azn,69,2558,-732,-16346,-3619,-188,27
azn,70,2540,-746,-16350,-3622,-186,31
azn,71,2540,-746,-16350,-3622,-186,31
azn,72,2540,-746,-16350,-3622,-186,31
azn,73,2514,-752,-16292,-3621,-187,29
azn,74,2514,-752,-16292,-3621,-187,29
azn,75,2514,-752,-16292,-3621,-187,29
azn,76,2512,-716,-16292,-3621,-192,27
azn,77,2512,-716,-16292,-3621,-192,27
azn,78,2512,-716,-16292,-3621,-192,27
azn,79,2562,-702,-16290,-3618,-190,30
azn,80,2562,-702,-16290,-3618,-190,30
azn,81,2562,-702,-16290,-3618,-190,30
azn,82,2526,-762,-16334,-3620,-193,30
azn,83,2526,-762,-16334,-3620,-193,30
azn,84,2526,-762,-16334,-3620,-193,30
azn,85,2528,-782,-16348,-3624,-190,28
azn,86,2528,-782,-16348,-3624,-190,28
azn,87,2528,-782,-16348,-3624,-190,28
azn,88,2518,-742,-16302,-3622,-191,31
azn,89,2518,-742,-16302,-3622,-191,31
azn,90,2518,-742,-16302,-3622,-191,31
azn,91,2530,-720,-16306,-3619,-188,38
azn,92,2530,-720,-16306,-3619,-188,38
azn,93,2530,-720,-16306,-3619,-188,38
azn,94,2536,-738,-16332,-3623,-191,36
azn,95,2536,-738,-16332,-3623,-191,36
azn,96,2536,-738,-16332,-3623,-191,36
azn,97,2528,-718,-16328,-3623,-195,27
azn,98,2528,-718,-16328,-3623,-195,27
azn,99,2528,-718,-16328,-3623,-195,27
azn,100,2536,-718,-16298,-3620,-196,34
azn,101,2536,-718,-16298,-3620,-196,34
azn,102,2536,-718,-16298,-3620,-196,34
azn,103,2566,-720,-16338,-3618,-195,31
azn,104,2566,-720,-16338,-3618,-195,31
azn,105,2566,-720,-16338,-3618,-195,31
azn,106,2550,-750,-16340,-3619,-191,32
azn,107,2550,-750,-16340,-3619,-191,32
azn,108,2550,-750,-16340,-3619,-191,32
azn,109,2516,-774,-16372,-3618,-188,27
azn,110,2516,-774,-16372,-3618,-188,27
azn,111,2534,-746,-16308,-3616,-184,32
azn,112,2534,-746,-16308,-3616,-184,32
azn,113,2534,-746,-16308,-3616,-184,32
azn,114,2532,-718,-16308,-3619,-187,36
azn,115,2532,-718,-16308,-3619,-187,36
azn,116,2532,-718,-16308,-3619,-187,36
azn,117,2524,-732,-16292,-3618,-186,29
azn,118,2524,-732,-16292,-3618,-186,29
azn,119,2524,-732,-16292,-3618,-186,29
azn,120,2526,-738,-16364,-3619,-191,24
azn,121,2526,-738,-16364,-3619,-191,24
azn,122,2526,-738,-16364,-3619,-191,24
azn,123,2516,-712,-16312,-3619,-192,26
azn,124,2516,-712,-16312,-3619,-192,26
azn,125,2516,-712,-16312,-3619,-192,26
azn,126,2544,-760,-16308,-3618,-193,29
azn,127,2544,-760,-16308,-3618,-193,29
azn,128,2544,-760,-16308,-3618,-193,29
azn,129,2566,-742,-16342,-3614,-194,32
azn,130,2566,-742,-16342,-3614,-194,32
azn,131,2566,-742,-16342,-3614,-194,32
azn,132,2558,-744,-16366,-3612,-192,32
azn,133,2558,-744,-16366,-3612,-192,32
azn,134,2558,-744,-16366,-3612,-192,32
azn,135,2534,-728,-16330,-3612,-191,38
azn,136,2534,-728,-16330,-3612,-191,38
azn,137,2534,-728,-16330,-3612,-191,38
azn,138,2534,-740,-16342,-3615,-191,34
azn,139,2534,-740,-16342,-3615,-191,34
azn,140,2534,-740,-16342,-3615,-191,34
azn,141,2490,-742,-16366,-3614,-191,32
azn,142,2490,-742,-16366,-3614,-191,32
azn,143,2490,-742,-16366,-3614,-191,32
azn,144,2456,-762,-16348,-3616,-193,30
azn,145,2456,-762,-16348,-3616,-193,30
azn,146,2524,-732,-16288,-3619,-193,31
azn,147,2524,-732,-16288,-3619,-193,31
azn,148,2524,-732,-16288,-3619,-193,31
azn,149,2506,-748,-16294,-3619,-192,33
azn,150,2506,-748,-16294,-3619,-192,33
azn,151,2506,-748,-16294,-3619,-192,33
azn,152,2518,-720,-16312,-3620,-190,30
azn,153,2518,-720,-16312,-3620,-190,30
azn,154,2518,-720,-16312,-3620,-190,30
azn,155,2536,-766,-16288,-3619,-188,28
azn,156,2536,-766,-16288,-3619,-188,28
azn,157,2536,-766,-16288,-3619,-188,28
azn,158,2548,-746,-16316,-3616,-190,27
azn,159,2548,-746,-16316,-3616,-190,27
azn,160,2548,-746,-16316,-3616,-190,27
azn,161,2542,-724,-16320,-3616,-193,28
azn,162,2542,-724,-16320,-3616,-193,28
azn,163,2542,-724,-16320,-3616,-193,28
azn,164,2558,-736,-16350,-3616,-193,31
azn,165,2558,-736,-16350,-3616,-193,31
azn,166,2558,-736,-16350,-3616,-193,31
azn,167,2514,-734,-16358,-3616,-196,29
azn,168,2514,-734,-16358,-3616,-196,29
azn,169,2514,-734,-16358,-3616,-196,29
azn,170,2528,-736,-16344,-3618,-196,27
azn,171,2528,-736,-16344,-3618,-196,27
azn,172,2528,-736,-16344,-3618,-196,27
azn,173,2512,-726,-16308,-3615,-193,25
azn,174,2512,-726,-16308,-3615,-193,25
azn,175,2512,-726,-16308,-3615,-193,25
azn,176,2514,-744,-16318,-3614,-195,29
azn,177,2514,-744,-16318,-3614,-195,29
azn,178,2514,-744,-16318,-3614,-195,29
azn,179,2568,-736,-16352,-3611,-194,29
azn,180,2568,-736,-16352,-3611,-194,29
azn,181,2586,-762,-16316,-3616,-191,30
azn,182,2586,-762,-16316,-3616,-191,30
azn,183,2586,-762,-16316,-3616,-191,30
azn,184,2536,-714,-16306,-3615,-193,31
azn,185,2536,-714,-16306,-3615,-193,31
azn,186,2536,-714,-16306,-3615,-193,31
azn,187,2550,-768,-16312,-3615,-193,38
azn,188,2550,-768,-16312,-3615,-193,38
azn,189,2550,-768,-16312,-3615,-193,38
azn,190,2540,-760,-16326,-3615,-196,33
azn,191,2540,-760,-16326,-3615,-196,33
azn,192,2540,-760,-16326,-3615,-196,33
azn,193,2548,-780,-16354,-3612,-194,27
azn,194,2548,-780,-16354,-3612,-194,27
azn,195,2548,-780,-16354,-3612,-194,27
azn,196,2518,-752,-16370,-3612,-195,21
azn,197,2518,-752,-16370,-3612,-195,21
azn,198,2518,-752,-16370,-3612,-195,21
azn,199,2548,-712,-16380,-3609,-193,28
azn,200,2548,-712,-16380,-3609,-193,28
azn,201,2548,-712,-16380,-3609,-193,28
azn,202,2538,-724,-16336,-3612,-193,32
azn,203,2538,-724,-16336,-3612,-193,32
azn,204,2538,-724,-16336,-3612,-193,32
azn,205,2530,-740,-16324,-3616,-194,30
azn,206,2530,-740,-16324,-3616,-194,30
azn,207,2530,-740,-16324,-3616,-194,30
azn,208,2536,-712,-16314,-3618,-193,30
azn,209,2536,-712,-16314,-3618,-193,30
azn,210,2536,-712,-16314,-3618,-193,30
azn,211,2522,-720,-16366,-3614,-195,27
azn,212,2522,-720,-16366,-3614,-195,27
azn,213,2522,-720,-16366,-3614,-195,27
azn,214,2554,-728,-16382,-3616,-191,27
azn,215,2554,-728,-16382,-3616,-191,27
azn,216,2554,-728,-16382,-3616,-191,27
azn,217,2550,-756,-16350,-3615,-192,26
azn,218,2550,-756,-16350,-3615,-192,26
azn,219,2546,-760,-16302,-3619,-196,28
azn,220,2546,-760,-16302,-3619,-196,28
azn,221,2546,-760,-16302,-3619,-196,28
azn,222,2534,-750,-16352,-3622,-195,20
azn,223,2534,-750,-16352,-3622,-195,20
azn,224,2534,-750,-16352,-3622,-195,20
azn,225,2490,-758,-16360,-3617,-193,26
azn,226,2490,-758,-16360,-3617,-193,26
azn,227,2490,-758,-16360,-3617,-193,26
azn,228,2520,-732,-16314,-3616,-189,34
azn,229,2520,-732,-16314,-3616,-189,34
azn,230,2520,-732,-16314,-3616,-189,34
azn,231,2520,-764,-16300,-3616,-189,36
azn,232,2520,-764,-16300,-3616,-189,36
azn,233,2520,-764,-16300,-3616,-189,36
azn,234,2522,-760,-16294,-3617,-191,32
azn,235,2522,-760,-16294,-3617,-191,32
azn,236,2522,-760,-16294,-3617,-191,32
azn,237,2554,-730,-16312,-3617,-192,31
azn,238,2554,-730,-16312,-3617,-192,31
azn,239,2554,-730,-16312,-3617,-192,31
azn,240,2520,-740,-16312,-3618,-192,29
azn,241,2520,-740,-16312,-3618,-192,29
azn,242,2520,-740,-16312,-3618,-192,29
azn,243,2530,-748,-16312,-3618,-193,23
azn,244,2530,-748,-16312,-3618,-193,23
azn,245,2530,-748,-16312,-3618,-193,23
azn,246,2522,-738,-16324,-3621,-195,28
azn,247,2522,-738,-16324,-3621,-195,28
azn,248,2522,-738,-16324,-3621,-195,28
azn,249,2522,-764,-16316,-3621,-190,32
azn,250,2522,-764,-16316,-3621,-190,32
azn,251,2522,-764,-16316,-3621,-190,32
azn,252,2538,-762,-16332,-3618,-190,29
azn,253,2538,-762,-16332,-3618,-190,29
azn,254,2528,-712,-16322,-3617,-186,25
azn,255,2528,-712,-16322,-3617,-186,25
azn,256,2528,-712,-16322,-3617,-186,25
azn,257,2532,-752,-16272,-3614,-190,22
azn,258,2532,-752,-16272,-3614,-190,22
azn,259,2532,-752,-16272,-3614,-190,22
azn,260,2536,-730,-16300,-3617,-191,24
azn,261,2536,-730,-16300,-3617,-191,24
azn,262,2536,-730,-16300,-3617,-191,24
azn,263,2530,-708,-16312,-3616,-191,25
azn,264,2530,-708,-16312,-3616,-191,25
azn,265,2530,-708,-16312,-3616,-191,25
azn,266,2522,-718,-16384,-3618,-193,28
azn,267,2522,-718,-16384,-3618,-193,28
azn,268,2522,-718,-16384,-3618,-193,28
azn,269,2554,-740,-16280,-3622,-195,36
azn,270,2554,-740,-16280,-3622,-195,36
azn,271,2554,-740,-16280,-3622,-195,36
azn,272,2516,-744,-16310,-3620,-195,29
azn,273,2516,-744,-16310,-3620,-195,29
azn,274,2516,-744,-16310,-3620,-195,29
azn,275,2554,-726,-16300,-3621,-196,30
azn,276,2554,-726,-16300,-3621,-196,30
azn,277,2554,-726,-16300,-3621,-196,30
azn,278,2564,-730,-16366,-3618,-195,29
azn,279,2564,-730,-16366,-3618,-195,29
azn,280,2564,-730,-16366,-3618,-195,29
azn,281,2550,-724,-16326,-3619,-194,31
azn,282,2550,-724,-16326,-3619,-194,31
azn,283,2550,-724,-16326,-3619,-194,31
azn,284,2498,-750,-16334,-3618,-190,34
azn,285,2498,-750,-16334,-3618,-190,34
azn,286,2498,-750,-16334,-3618,-190,34
azn,287,2506,-764,-16316,-3617,-191,32
azn,288,2506,-764,-16316,-3617,-191,32
azn,289,2538,-716,-16286,-3620,-193,30
azn,290,2538,-716,-16286,-3620,-193,30
azn,291,2538,-716,-16286,-3620,-193,30
azn,292,2506,-714,-16322,-3618,-191,29
azn,293,2506,-714,-16322,-3618,-191,29
azn,294,2506,-714,-16322,-3618,-191,29
azn,295,2554,-742,-16282,-3619,-188,25
azn,296,2554,-742,-16282,-3619,-188,25
azn,297,2554,-742,-16282,-3619,-188,25
azn,298,2526,-716,-16320,-3618,-190,19
azn,299,2526,-716,-16320,-3618,-190,19
azn,300,2526,-716,-16320,-3618,-190,19
